Workbook

Sheet 배당편집
A1: Ticker | B1: 연도 | C1: 월 | D1: 임시 | E1: Ex-Dividend Date | F1: Dividend | G1: Payment Date | H1: Yield | I1: Increased Rate | J1: Div Change | K1: - | L1: 연도2 | M1: 임시2 | N1: 현재가치 배당금 | O1: 배당수익률 | P1: - | Q1: 연평균배당 | R1: 5년산술평균 | S1: 배당성장률 | T1: 5년기하평균 | W1: 배당금 변화 | X1: 배당금 변화율
A2: JNJ | B2: =YEAR(E2) -> 2022 | C2: =MONTH(E2) -> 11 | D2: =A2&B2&C2 -> JNJ202211 | E2: 44886 | F2: 1.13 | G2: 44901 | H2: 0.0258 | I2: 0 | J2: 0 | K2: =IF(YEAR(E2)=YEAR(E3),YEAR(E2),0) -> 2022 | L2: =IF(K2=0,K1,0) -> 0 | M2: =A2&L2 -> JNJ0 | N2: =F2 -> 1.13 | O2: =H2 -> 0.0258 | P2: =IF(S2>0,SUM(O2:O5)/4,0) -> 0 | Q2: 0 | R2: 배당수익률 | S2: =IF(A2=A3,(N2-N3)/N3,0) -> 0 | T2: 배당성장률 | U2: 요구수익률 | W2: =IF(A2=A3,N2-N3,0) -> 0 | X2: =IF(A2=A3,(N2-N3)/N3,0) -> 0
A3: JNJ | B3: =YEAR(E3) -> 2022 | C3: =MONTH(E3) -> 8 | D3: =A3&B3&C3 -> JNJ20228 | E3: 44795 | F3: 1.13 | G3: 44810 | H3: 0.0267 | I3: 0 | J3: 0 | K3: =IF(YEAR(E3)=YEAR(E4),YEAR(E3),0) -> 2022 | L3: =IF(K3=0,K2,0) -> 0 | M3: =A3&L3 -> JNJ0 | N3: =F3 -> 1.13 | O3: =H3 -> 0.0267 | P3: =IF(S3>0,SUM(O3:O6)/4,0) -> 0 | Q3: 0 | R3: X | S3: =IF(A3=A4,(N3-N4)/N4,0) -> 0 | T3: gi | U3: ki | V3: 고든계수 | W3: =IF(A3=A4,N3-N4,0) -> 0 | X3: =IF(A3=A4,(N3-N4)/N4,0) -> 0
A4: JNJ | B4: =YEAR(E4) -> 2022 | C4: =MONTH(E4) -> 5 | D4: =A4&B4&C4 -> JNJ20225 | E4: 44704 | F4: 1.13 | G4: 44719 | H4: 0.0255 | I4: 0.066037736 | J4: 0.07 | K4: =IF(YEAR(E4)=YEAR(E5),YEAR(E4),0) -> 2022 | L4: =IF(K4=0,K3,0) -> 0 | M4: =A4&L4 -> JNJ0 | N4: =F4 -> 1.13 | O4: =H4 -> 0.0255 | P4: =IF(S4>0,SUM(O4:O7)/4,0) -> 0.02515 | Q4: 0 | S4: =IF(A4=A5,(N4-N5)/N5,0) -> 0.066037736 | W4: =IF(A4=A5,N4-N5,0) -> 0.07 | X4: =IF(A4=A5,(N4-N5)/N5,0) -> 0.066037736
A5: JNJ | B5: =YEAR(E5) -> 2022 | C5: =MONTH(E5) -> 2 | D5: =A5&B5&C5 -> JNJ20222 | E5: 44610 | F5: 1.06 | G5: 44628 | H5: 0.0255 | I5: 0 | J5: 0 | K5: =IF(YEAR(E5)=YEAR(E6),YEAR(E5),0) -> 0 | L5: =IF(K5=0,K4,0) -> 2022 | M5: =A5&L5 -> JNJ2022 | N5: =F5 -> 1.06 | O5: =H5 -> 0.0255 | P5: =IF(S5>0,SUM(O5:O8)/4,0) -> 0 | Q5: =IF(K5=0,IF(A2=A5,AVERAGE(O2:O5),"x"),0) -> 0.025875 | R5: =IF(L5>2005,AVERAGE(O2:O21),0) -> 0.026355 | S5: =IF(A5=A6,(N5-N6)/N6,0) -> 0 | T5: =IF(L5>2005,(((N5-N25)/N25)+1)^(1/5)-1,0) -> 0.057896489 | U5: =IF(T5>0,R5+T5,0) -> 0.084251489 | V5: =IF(U5>0,(1+T5)*(1-((1+T5)/(1+U5))^5)/(U5-T5),0) -> 4.646997 | W5: =IF(A5=A6,N5-N6,0) -> 0 | X5: =IF(A5=A6,(N5-N6)/N6,0) -> 0
A6: JNJ | B6: =YEAR(E6) -> 2021 | C6: =MONTH(E6) -> 11 | D6: =A6&B6&C6 -> JNJ202111 | E6: 44522 | F6: 1.06 | G6: 44537 | H6: 0.026 | I6: 0 | J6: 0 | K6: =IF(YEAR(E6)=YEAR(E7),YEAR(E6),0) -> 2021 | L6: =IF(K6=0,K5,0) -> 0 | M6: =A6&L6 -> JNJ0 | N6: =F6 -> 1.06 | O6: =H6 -> 0.026 | P6: =IF(S6>0,SUM(O6:O9)/4,0) -> 0 | Q6: =IF(K6=0,IF(A3=A6,AVERAGE(O3:O6),"x"),0) -> 0 | R6: =IF(L6>2005,AVERAGE(O3:O22),0) -> 0 | S6: =IF(A6=A7,(N6-N7)/N7,0) -> 0 | T6: =IF(L6>2005,(((N6-N26)/N26)+1)^(1/5)-1,0) -> 0 | U6: =IF(T6>0,R6+T6,0) -> 0 | V6: =IF(U6>0,(1+T6)*(1-((1+T6)/(1+U6))^5)/(U6-T6),0) -> 0 | W6: =IF(A6=A7,N6-N7,0) -> 0 | X6: =IF(A6=A7,(N6-N7)/N7,0) -> 0
A7: JNJ | B7: =YEAR(E7) -> 2021 | C7: =MONTH(E7) -> 8 | D7: =A7&B7&C7 -> JNJ20218 | E7: 44431 | F7: 1.06 | G7: 44446 | H7: 0.0236 | I7: 0 | J7: 0 | K7: =IF(YEAR(E7)=YEAR(E8),YEAR(E7),0) -> 2021 | L7: =IF(K7=0,K6,0) -> 0 | M7: =A7&L7 -> JNJ0 | N7: =F7 -> 1.06 | O7: =H7 -> 0.0236 | P7: =IF(S7>0,SUM(O7:O10)/4,0) -> 0 | Q7: =IF(K7=0,IF(A4=A7,AVERAGE(O4:O7),"x"),0) -> 0 | R7: =IF(L7>2005,AVERAGE(O4:O23),0) -> 0 | S7: =IF(A7=A8,(N7-N8)/N8,0) -> 0 | T7: =IF(L7>2005,(((N7-N27)/N27)+1)^(1/5)-1,0) -> 0 | U7: =IF(T7>0,R7+T7,0) -> 0 | V7: =IF(U7>0,(1+T7)*(1-((1+T7)/(1+U7))^5)/(U7-T7),0) -> 0 | W7: =IF(A7=A8,N7-N8,0) -> 0 | X7: =IF(A7=A8,(N7-N8)/N8,0) -> 0
A8: JNJ | B8: =YEAR(E8) -> 2021 | C8: =MONTH(E8) -> 5 | D8: =A8&B8&C8 -> JNJ20215 | E8: 44340 | F8: 1.06 | G8: 44355 | H8: 0.0248 | I8: 0.04950495 | J8: 0.05 | K8: =IF(YEAR(E8)=YEAR(E9),YEAR(E8),0) -> 2021 | L8: =IF(K8=0,K7,0) -> 0 | M8: =A8&L8 -> JNJ0 | N8: =F8 -> 1.06 | O8: =H8 -> 0.0248 | P8: =IF(S8>0,SUM(O8:O11)/4,0) -> 0.0259 | Q8: =IF(K8=0,IF(A5=A8,AVERAGE(O5:O8),"x"),0) -> 0 | R8: =IF(L8>2005,AVERAGE(O5:O24),0) -> 0 | S8: =IF(A8=A9,(N8-N9)/N9,0) -> 0.04950495 | T8: =IF(L8>2005,(((N8-N28)/N28)+1)^(1/5)-1,0) -> 0 | U8: =IF(T8>0,R8+T8,0) -> 0 | V8: =IF(U8>0,(1+T8)*(1-((1+T8)/(1+U8))^5)/(U8-T8),0) -> 0 | W8: =IF(A8=A9,N8-N9,0) -> 0.05 | X8: =IF(A8=A9,(N8-N9)/N9,0) -> 0.04950495
A9: JNJ | B9: =YEAR(E9) -> 2021 | C9: =MONTH(E9) -> 2 | D9: =A9&B9&C9 -> JNJ20212 | E9: 44249 | F9: 1.01 | G9: 44264 | H9: 0.0248 | I9: 0 | J9: 0 | K9: =IF(YEAR(E9)=YEAR(E10),YEAR(E9),0) -> 0 | L9: =IF(K9=0,K8,0) -> 2021 | M9: =A9&L9 -> JNJ2021 | N9: =F9 -> 1.01 | O9: =H9 -> 0.0248 | P9: =IF(S9>0,SUM(O9:O12)/4,0) -> 0 | Q9: =IF(K9=0,IF(A6=A9,AVERAGE(O6:O9),"x"),0) -> 0.0248 | R9: =IF(L9>2005,AVERAGE(O6:O25),0) -> 0.026295 | S9: =IF(A9=A10,(N9-N10)/N10,0) -> 0 | T9: =IF(L9>2005,(((N9-N29)/N29)+1)^(1/5)-1,0) -> 0.061333865 | U9: =IF(T9>0,R9+T9,0) -> 0.087628865 | V9: =IF(U9>0,(1+T9)*(1-((1+T9)/(1+U9))^5)/(U9-T9),0) -> 4.6488334 | W9: =IF(A9=A10,N9-N10,0) -> 0 | X9: =IF(A9=A10,(N9-N10)/N10,0) -> 0
A10: JNJ | B10: =YEAR(E10) -> 2020 | C10: =MONTH(E10) -> 11 | D10: =A10&B10&C10 -> JNJ202011 | E10: 44158 | F10: 1.01 | G10: 44173 | H10: 0.0276 | I10: 0 | J10: 0 | K10: =IF(YEAR(E10)=YEAR(E11),YEAR(E10),0) -> 2020 | L10: =IF(K10=0,K9,0) -> 0 | M10: =A10&L10 -> JNJ0 | N10: =F10 -> 1.01 | O10: =H10 -> 0.0276 | P10: =IF(S10>0,SUM(O10:O13)/4,0) -> 0 | Q10: =IF(K10=0,IF(A7=A10,AVERAGE(O7:O10),"x"),0) -> 0 | R10: =IF(L10>2005,AVERAGE(O7:O26),0) -> 0 | S10: =IF(A10=A11,(N10-N11)/N11,0) -> 0 | T10: =IF(L10>2005,(((N10-N30)/N30)+1)^(1/5)-1,0) -> 0 | U10: =IF(T10>0,R10+T10,0) -> 0 | V10: =IF(U10>0,(1+T10)*(1-((1+T10)/(1+U10))^5)/(U10-T10),0) -> 0 | W10: =IF(A10=A11,N10-N11,0) -> 0 | X10: =IF(A10=A11,(N10-N11)/N11,0) -> 0
A11: JNJ | B11: =YEAR(E11) -> 2020 | C11: =MONTH(E11) -> 8 | D11: =A11&B11&C11 -> JNJ20208 | E11: 44067 | F11: 1.01 | G11: 44082 | H11: 0.0264 | I11: 0 | J11: 0 | K11: =IF(YEAR(E11)=YEAR(E12),YEAR(E11),0) -> 2020 | L11: =IF(K11=0,K10,0) -> 0 | M11: =A11&L11 -> JNJ0 | N11: =F11 -> 1.01 | O11: =H11 -> 0.0264 | P11: =IF(S11>0,SUM(O11:O14)/4,0) -> 0 | Q11: =IF(K11=0,IF(A8=A11,AVERAGE(O8:O11),"x"),0) -> 0 | R11: =IF(L11>2005,AVERAGE(O8:O27),0) -> 0 | S11: =IF(A11=A12,(N11-N12)/N12,0) -> 0 | T11: =IF(L11>2005,(((N11-N31)/N31)+1)^(1/5)-1,0) -> 0 | U11: =IF(T11>0,R11+T11,0) -> 0 | V11: =IF(U11>0,(1+T11)*(1-((1+T11)/(1+U11))^5)/(U11-T11),0) -> 0 | W11: =IF(A11=A12,N11-N12,0) -> 0 | X11: =IF(A11=A12,(N11-N12)/N12,0) -> 0
A12: JNJ | B12: =YEAR(E12) -> 2020 | C12: =MONTH(E12) -> 5 | D12: =A12&B12&C12 -> JNJ20205 | E12: 43973 | F12: 1.01 | G12: 43991 | H12: 0.0275 | I12: 0.063157895 | J12: 0.06 | K12: =IF(YEAR(E12)=YEAR(E13),YEAR(E12),0) -> 2020 | L12: =IF(K12=0,K11,0) -> 0 | M12: =A12&L12 -> JNJ0 | N12: =F12 -> 1.01 | O12: =H12 -> 0.0275 | P12: =IF(S12>0,SUM(O12:O15)/4,0) -> 0.027525 | Q12: =IF(K12=0,IF(A9=A12,AVERAGE(O9:O12),"x"),0) -> 0 | R12: =IF(L12>2005,AVERAGE(O9:O28),0) -> 0 | S12: =IF(A12=A13,(N12-N13)/N13,0) -> 0.063157895 | T12: =IF(L12>2005,(((N12-N32)/N32)+1)^(1/5)-1,0) -> 0 | U12: =IF(T12>0,R12+T12,0) -> 0 | V12: =IF(U12>0,(1+T12)*(1-((1+T12)/(1+U12))^5)/(U12-T12),0) -> 0 | W12: =IF(A12=A13,N12-N13,0) -> 0.06 | X12: =IF(A12=A13,(N12-N13)/N13,0) -> 0.063157895
A13: JNJ | B13: =YEAR(E13) -> 2020 | C13: =MONTH(E13) -> 2 | D13: =A13&B13&C13 -> JNJ20202 | E13: 43885 | F13: 0.95 | G13: 43900 | H13: 0.0253 | I13: 0 | J13: 0 | K13: =IF(YEAR(E13)=YEAR(E14),YEAR(E13),0) -> 0 | L13: =IF(K13=0,K12,0) -> 2020 | M13: =A13&L13 -> JNJ2020 | N13: =F13 -> 0.95 | O13: =H13 -> 0.0253 | P13: =IF(S13>0,SUM(O13:O16)/4,0) -> 0 | Q13: =IF(K13=0,IF(A10=A13,AVERAGE(O10:O13),"x"),0) -> 0.0267 | R13: =IF(L13>2005,AVERAGE(O10:O29),0) -> 0.026895 | S13: =IF(A13=A14,(N13-N14)/N14,0) -> 0 | T13: =IF(L13>2005,(((N13-N33)/N33)+1)^(1/5)-1,0) -> 0.062980048 | U13: =IF(T13>0,R13+T13,0) -> 0.089875048 | V13: =IF(U13>0,(1+T13)*(1-((1+T13)/(1+U13))^5)/(U13-T13),0) -> 4.6417989 | W13: =IF(A13=A14,N13-N14,0) -> 0 | X13: =IF(A13=A14,(N13-N14)/N14,0) -> 0
A14: JNJ | B14: =YEAR(E14) -> 2019 | C14: =MONTH(E14) -> 11 | D14: =A14&B14&C14 -> JNJ201911 | E14: 43794 | F14: 0.95 | G14: 43809 | H14: 0.0275 | I14: 0 | J14: 0 | K14: =IF(YEAR(E14)=YEAR(E15),YEAR(E14),0) -> 2019 | L14: =IF(K14=0,K13,0) -> 0 | M14: =A14&L14 -> JNJ0 | N14: =F14 -> 0.95 | O14: =H14 -> 0.0275 | P14: =IF(S14>0,SUM(O14:O17)/4,0) -> 0 | Q14: =IF(K14=0,IF(A11=A14,AVERAGE(O11:O14),"x"),0) -> 0 | R14: =IF(L14>2005,AVERAGE(O11:O30),0) -> 0 | S14: =IF(A14=A15,(N14-N15)/N15,0) -> 0 | T14: =IF(L14>2005,(((N14-N34)/N34)+1)^(1/5)-1,0) -> 0 | U14: =IF(T14>0,R14+T14,0) -> 0 | V14: =IF(U14>0,(1+T14)*(1-((1+T14)/(1+U14))^5)/(U14-T14),0) -> 0 | W14: =IF(A14=A15,N14-N15,0) -> 0 | X14: =IF(A14=A15,(N14-N15)/N15,0) -> 0
A15: JNJ | B15: =YEAR(E15) -> 2019 | C15: =MONTH(E15) -> 8 | D15: =A15&B15&C15 -> JNJ20198 | E15: 43703 | F15: 0.95 | G15: 43718 | H15: 0.0298 | I15: 0 | J15: 0 | K15: =IF(YEAR(E15)=YEAR(E16),YEAR(E15),0) -> 2019 | L15: =IF(K15=0,K14,0) -> 0 | M15: =A15&L15 -> JNJ0 | N15: =F15 -> 0.95 | O15: =H15 -> 0.0298 | P15: =IF(S15>0,SUM(O15:O18)/4,0) -> 0 | Q15: =IF(K15=0,IF(A12=A15,AVERAGE(O12:O15),"x"),0) -> 0 | R15: =IF(L15>2005,AVERAGE(O12:O31),0) -> 0 | S15: =IF(A15=A16,(N15-N16)/N16,0) -> 0 | T15: =IF(L15>2005,(((N15-N35)/N35)+1)^(1/5)-1,0) -> 0 | U15: =IF(T15>0,R15+T15,0) -> 0 | V15: =IF(U15>0,(1+T15)*(1-((1+T15)/(1+U15))^5)/(U15-T15),0) -> 0 | W15: =IF(A15=A16,N15-N16,0) -> 0 | X15: =IF(A15=A16,(N15-N16)/N16,0) -> 0
A16: JNJ | B16: =YEAR(E16) -> 2019 | C16: =MONTH(E16) -> 5 | D16: =A16&B16&C16 -> JNJ20195 | E16: 43609 | F16: 0.95 | G16: 43627 | H16: 0.0272 | I16: 0.055555556 | J16: 0.05 | K16: =IF(YEAR(E16)=YEAR(E17),YEAR(E16),0) -> 2019 | L16: =IF(K16=0,K15,0) -> 0 | M16: =A16&L16 -> JNJ0 | N16: =F16 -> 0.95 | O16: =H16 -> 0.0272 | P16: =IF(S16>0,SUM(O16:O19)/4,0) -> 0.02635 | Q16: =IF(K16=0,IF(A13=A16,AVERAGE(O13:O16),"x"),0) -> 0 | R16: =IF(L16>2005,AVERAGE(O13:O32),0) -> 0 | S16: =IF(A16=A17,(N16-N17)/N17,0) -> 0.055555556 | T16: =IF(L16>2005,(((N16-N36)/N36)+1)^(1/5)-1,0) -> 0 | U16: =IF(T16>0,R16+T16,0) -> 0 | V16: =IF(U16>0,(1+T16)*(1-((1+T16)/(1+U16))^5)/(U16-T16),0) -> 0 | W16: =IF(A16=A17,N16-N17,0) -> 0.05 | X16: =IF(A16=A17,(N16-N17)/N17,0) -> 0.055555556
... A72: JNJ | B72: =YEAR(E72) -> 2005 | C72: =MONTH(E72) -> 5 | D72: =A72&B72&C72 -> JNJ20055 | E72: 38485 | F72: 0.33 | G72: 38510 | H72: 0.0175 | I72: 0.15789474 | J72: 0.045 | K72: =IF(YEAR(E72)=YEAR(E73),YEAR(E72),0) -> 2005 | L72: =IF(K72=0,K71,0) -> 0 | M72: =A72&L72 -> JNJ0 | N72: =F72 -> 0.33 | O72: =H72 -> 0.0175 | P72: =IF(S72>0,SUM(O72:O75)/4,0) -> 0.017875 | Q72: =IF(K72=0,IF(A69=A72,AVERAGE(O69:O72),"x"),0) -> 0 | R72: =IF(L72>2005,AVERAGE(O69:O88),0) -> 0 | S72: =IF(A72=A73,(N72-N73)/N73,0) -> 0.15789474 | T72: =IF(L72>2005,(((N72-N92)/N92)+1)^(1/5)-1,0) -> 0 | U72: =IF(T72>0,R72+T72,0) -> 0 | V72: =IF(U72>0,(1+T72)*(1-((1+T72)/(1+U72))^5)/(U72-T72),0) -> 0 | W72: =IF(A72=A73,N72-N73,0) -> 0.045 | X72: =IF(A72=A73,(N72-N73)/N73,0) -> 0.15789474
A73: JNJ | B73: =YEAR(E73) -> 2005 | C73: =MONTH(E73) -> 2 | D73: =A73&B73&C73 -> JNJ20052 | E73: 38394 | F73: 0.285 | G73: 38419 | H73: 0.0172 | I73: 0 | J73: 0 | K73: =IF(YEAR(E73)=YEAR(E74),YEAR(E73),0) -> 0 | L73: =IF(K73=0,K72,0) -> 2005 | M73: =A73&L73 -> JNJ2005 | N73: =F73 -> 0.285 | O73: =H73 -> 0.0172 | P73: =IF(S73>0,SUM(O73:O76)/4,0) -> 0 | Q73: =IF(K73=0,IF(A70=A73,AVERAGE(O70:O73),"x"),0) -> 0.018475 | R73: =IF(IF(L73-2000,)*L73>2005,AVERAGE(O70:O89),0) -> 0 | S73: =IF(A73=A74,(N73-N74)/N74,0) -> 0 | T73: =IF(L73>2005,(((N73-N93)/N93)+1)^(1/5)-1,0) -> 0 | U73: =IF(T73>0,R73+T73,0) -> 0 | V73: =IF(U73>0,(1+T73)*(1-((1+T73)/(1+U73))^5)/(U73-T73),0) -> 0 | W73: =IF(A73=A74,N73-N74,0) -> 0 | X73: =IF(A73=A74,(N73-N74)/N74,0) -> 0
A74: JNJ | B74: =YEAR(E74) -> 2004 | C74: =MONTH(E74) -> 11 | D74: =A74&B74&C74 -> JNJ200411 | E74: 38303 | F74: 0.285 | G74: 38328 | H74: 0.0181 | I74: 0 | J74: 0 | K74: =IF(YEAR(E74)=YEAR(E75),YEAR(E74),0) -> 2004 | L74: =IF(K74=0,K73,0) -> 0 | M74: =A74&L74 -> JNJ0 | N74: =F74 -> 0.285 | O74: =H74 -> 0.0181 | P74: =IF(S74>0,SUM(O74:O77)/4,0) -> 0 | Q74: =IF(K74=0,IF(A71=A74,AVERAGE(O71:O74),"x"),0) -> 0 | R74: =IF(L74>2005,AVERAGE(O71:O90),0) -> 0 | S74: =IF(A74=A75,(N74-N75)/N75,0) -> 0 | T74: =IF(L74>2005,(((N74-N94)/N94)+1)^(1/5)-1,0) -> 0 | U74: =IF(T74>0,R74+T74,0) -> 0 | V74: =IF(U74>0,(1+T74)*(1-((1+T74)/(1+U74))^5)/(U74-T74),0) -> 0 | W74: =IF(A74=A75,N74-N75,0) -> 0 | X74: =IF(A74=A75,(N74-N75)/N75,0) -> 0
A75: JNJ | B75: =YEAR(E75) -> 2004 | C75: =MONTH(E75) -> 8 | D75: =A75&B75&C75 -> JNJ20048 | E75: 38212 | F75: 0.285 | G75: 38237 | H75: 0.0187 | I75: 0 | J75: 0 | K75: =IF(YEAR(E75)=YEAR(E76),YEAR(E75),0) -> 2004 | L75: =IF(K75=0,K74,0) -> 0 | M75: =A75&L75 -> JNJ0 | N75: =F75 -> 0.285 | O75: =H75 -> 0.0187 | P75: =IF(S75>0,SUM(O75:O78)/4,0) -> 0 | Q75: =IF(K75=0,IF(A72=A75,AVERAGE(O72:O75),"x"),0) -> 0 | R75: =IF(L75>2005,AVERAGE(O72:O91),0) -> 0 | S75: =IF(A75=A76,(N75-N76)/N76,0) -> 0 | T75: =IF(L75>2005,(((N75-N95)/N95)+1)^(1/5)-1,0) -> 0 | U75: =IF(T75>0,R75+T75,0) -> 0 | V75: =IF(U75>0,(1+T75)*(1-((1+T75)/(1+U75))^5)/(U75-T75),0) -> 0 | W75: =IF(A75=A76,N75-N76,0) -> 0 | X75: =IF(A75=A76,(N75-N76)/N76,0) -> 0
A76: JNJ | B76: =YEAR(E76) -> 2004 | C76: =MONTH(E76) -> 5 | D76: =A76&B76&C76 -> JNJ20045 | E76: 38121 | F76: 0.285 | G76: 38146 | H76: 0.0183 | I76: 0.1875 | J76: 0.045 | K76: =IF(YEAR(E76)=YEAR(E77),YEAR(E76),0) -> 2004 | L76: =IF(K76=0,K75,0) -> 0 | M76: =A76&L76 -> JNJ0 | N76: =F76 -> 0.285 | O76: =H76 -> 0.0183 | P76: =IF(S76>0,SUM(O76:O79)/4,0) -> 0.01795 | Q76: =IF(K76=0,IF(A73=A76,AVERAGE(O73:O76),"x"),0) -> 0 | R76: =IF(L76>2005,AVERAGE(O73:O92),0) -> 0 | S76: =IF(A76=A77,(N76-N77)/N77,0) -> 0.1875 | T76: =IF(L76>2005,(((N76-N96)/N96)+1)^(1/5)-1,0) -> 0 | U76: =IF(T76>0,R76+T76,0) -> 0 | V76: =IF(U76>0,(1+T76)*(1-((1+T76)/(1+U76))^5)/(U76-T76),0) -> 0 | W76: =IF(A76=A77,N76-N77,0) -> 0.045 | X76: =IF(A76=A77,(N76-N77)/N77,0) -> 0.1875
A77: JNJ | B77: =YEAR(E77) -> 2004 | C77: =MONTH(E77) -> 2 | D77: =A77&B77&C77 -> JNJ20042 | E77: 38029 | F77: 0.24 | G77: 38055 | H77: 0.0176 | I77: 0 | J77: 0 | K77: =IF(YEAR(E77)=YEAR(E78),YEAR(E77),0) -> 0 | L77: =IF(K77=0,K76,0) -> 2004 | M77: =A77&L77 -> JNJ2004 | N77: =F77 -> 0.24 | O77: =H77 -> 0.0176 | P77: =IF(S77>0,SUM(O77:O80)/4,0) -> 0 | Q77: =IF(K77=0,IF(A74=A77,AVERAGE(O74:O77),"x"),0) -> 0.018175 | R77: =IF(L77>2005,AVERAGE(O74:O93),0) -> 0 | S77: =IF(A77=A78,(N77-N78)/N78,0) -> 0 | T77: =IF(L77>2005,(((N77-N97)/N97)+1)^(1/5)-1,0) -> 0 | U77: =IF(T77>0,R77+T77,0) -> 0 | V77: =IF(U77>0,(1+T77)*(1-((1+T77)/(1+U77))^5)/(U77-T77),0) -> 0 | W77: =IF(A77=A78,N77-N78,0) -> 0 | X77: =IF(A77=A78,(N77-N78)/N78,0) -> 0
A78: JNJ | B78: =YEAR(E78) -> 2003 | C78: =MONTH(E78) -> 11 | D78: =A78&B78&C78 -> JNJ200311 | E78: 37939 | F78: 0.24 | G78: 37964 | H78: 0.0184 | I78: 0 | J78: 0 | K78: =IF(YEAR(E78)=YEAR(E79),YEAR(E78),0) -> 2003 | L78: =IF(K78=0,K77,0) -> 0 | M78: =A78&L78 -> JNJ0 | N78: =F78 -> 0.24 | O78: =H78 -> 0.0184 | P78: =IF(S78>0,SUM(O78:O81)/4,0) -> 0 | Q78: =IF(K78=0,IF(A75=A78,AVERAGE(O75:O78),"x"),0) -> 0 | R78: =IF(L78>2005,AVERAGE(O75:O94),0) -> 0 | S78: =IF(A78=A79,(N78-N79)/N79,0) -> 0 | T78: =IF(L78>2005,(((N78-N98)/N98)+1)^(1/5)-1,0) -> 0 | U78: =IF(T78>0,R78+T78,0) -> 0 | V78: =IF(U78>0,(1+T78)*(1-((1+T78)/(1+U78))^5)/(U78-T78),0) -> 0 | W78: =IF(A78=A79,N78-N79,0) -> 0 | X78: =IF(A78=A79,(N78-N79)/N79,0) -> 0
A79: JNJ | B79: =YEAR(E79) -> 2003 | C79: =MONTH(E79) -> 8 | D79: =A79&B79&C79 -> JNJ20038 | E79: 37848 | F79: 0.24 | G79: 37873 | H79: 0.0175 | I79: 0 | J79: 0 | K79: =IF(YEAR(E79)=YEAR(E80),YEAR(E79),0) -> 2003 | L79: =IF(K79=0,K78,0) -> 0 | M79: =A79&L79 -> JNJ0 | N79: =F79 -> 0.24 | O79: =H79 -> 0.0175 | P79: =IF(S79>0,SUM(O79:O82)/4,0) -> 0 | Q79: =IF(K79=0,IF(A76=A79,AVERAGE(O76:O79),"x"),0) -> 0 | R79: =IF(L79>2005,AVERAGE(O76:O95),0) -> 0 | S79: =IF(A79=A80,(N79-N80)/N80,0) -> 0 | T79: =IF(L79>2005,(((N79-N99)/N99)+1)^(1/5)-1,0) -> 0 | U79: =IF(T79>0,R79+T79,0) -> 0 | V79: =IF(U79>0,(1+T79)*(1-((1+T79)/(1+U79))^5)/(U79-T79),0) -> 0 | W79: =IF(A79=A80,N79-N80,0) -> 0 | X79: =IF(A79=A80,(N79-N80)/N80,0) -> 0
A80: JNJ | B80: =YEAR(E80) -> 2003 | C80: =MONTH(E80) -> 5 | D80: =A80&B80&C80 -> JNJ20035 | E80: 37757 | F80: 0.24 | G80: 37782 | H80: 0.0154 | I80: 0.17073171 | J80: 0.035 | K80: =IF(YEAR(E80)=YEAR(E81),YEAR(E80),0) -> 2003 | L80: =IF(K80=0,K79,0) -> 0 | M80: =A80&L80 -> JNJ0 | N80: =F80 -> 0.24 | O80: =H80 -> 0.0154 | P80: =IF(S80>0,SUM(O80:O83)/4,0) -> 0.014675 | Q80: =IF(K80=0,IF(A77=A80,AVERAGE(O77:O80),"x"),0) -> 0 | R80: =IF(L80>2005,AVERAGE(O77:O96),0) -> 0 | S80: =IF(A80=A81,(N80-N81)/N81,0) -> 0.17073171 | T80: =IF(L80>2005,(((N80-N100)/N100)+1)^(1/5)-1,0) -> 0 | U80: =IF(T80>0,R80+T80,0) -> 0 | V80: =IF(U80>0,(1+T80)*(1-((1+T80)/(1+U80))^5)/(U80-T80),0) -> 0 | W80: =IF(A80=A81,N80-N81,0) -> 0.035 | X80: =IF(A80=A81,(N80-N81)/N81,0) -> 0.17073171
A81: JNJ | B81: =YEAR(E81) -> 2003 | C81: =MONTH(E81) -> 2 | D81: =A81&B81&C81 -> JNJ20032 | E81: 37665 | F81: 0.205 | G81: 37691 | H81: 0.0164 | I81: 0 | J81: 0 | K81: =IF(YEAR(E81)=YEAR(E82),YEAR(E81),0) -> 0 | L81: =IF(K81=0,K80,0) -> 2003 | M81: =A81&L81 -> JNJ2003 | N81: =F81 -> 0.205 | O81: =H81 -> 0.0164 | P81: =IF(S81>0,SUM(O81:O84)/4,0) -> 0 | Q81: =IF(K81=0,IF(A78=A81,AVERAGE(O78:O81),"x"),0) -> 0.016925 | R81: =IF(L81>2005,AVERAGE(O78:O97),0) -> 0 | S81: =IF(A81=A82,(N81-N82)/N82,0) -> 0 | T81: =IF(L81>2005,(((N81-N101)/N101)+1)^(1/5)-1,0) -> 0 | U81: =IF(T81>0,R81+T81,0) -> 0 | V81: =IF(U81>0,(1+T81)*(1-((1+T81)/(1+U81))^5)/(U81-T81),0) -> 0 | W81: =IF(A81=A82,N81-N82,0) -> 0 | X81: =IF(A81=A82,(N81-N82)/N82,0) -> 0
A82: JNJ | B82: =YEAR(E82) -> 2002 | C82: =MONTH(E82) -> 11 | D82: =A82&B82&C82 -> JNJ200211 | E82: 37575 | F82: 0.205 | G82: 37600 | H82: 0.0131 | I82: 0 | J82: 0 | K82: =IF(YEAR(E82)=YEAR(E83),YEAR(E82),0) -> 2002 | L82: =IF(K82=0,K81,0) -> 0 | M82: =A82&L82 -> JNJ0 | N82: =F82 -> 0.205 | O82: =H82 -> 0.0131 | P82: =IF(S82>0,SUM(O82:O85)/4,0) -> 0 | Q82: =IF(K82=0,IF(A79=A82,AVERAGE(O79:O82),"x"),0) -> 0 | R82: =IF(L82>2005,AVERAGE(O79:O98),0) -> 0 | S82: =IF(A82=A83,(N82-N83)/N83,0) -> 0 | T82: =IF(L82>2005,(((N82-N102)/N102)+1)^(1/5)-1,0) -> 0 | U82: =IF(T82>0,R82+T82,0) -> 0 | V82: =IF(U82>0,(1+T82)*(1-((1+T82)/(1+U82))^5)/(U82-T82),0) -> 0 | W82: =IF(A82=A83,N82-N83,0) -> 0 | X82: =IF(A82=A83,(N82-N83)/N83,0) -> 0
A83: JNJ | B83: =YEAR(E83) -> 2002 | C83: =MONTH(E83) -> 8 | D83: =A83&B83&C83 -> JNJ20028 | E83: 37484 | F83: 0.205 | G83: 37509 | H83: 0.0138 | I83: 0 | J83: 0 | K83: =IF(YEAR(E83)=YEAR(E84),YEAR(E83),0) -> 2002 | L83: =IF(K83=0,K82,0) -> 0 | M83: =A83&L83 -> JNJ0 | N83: =F83 -> 0.205 | O83: =H83 -> 0.0138 | P83: =IF(S83>0,SUM(O83:O86)/4,0) -> 0 | Q83: =IF(K83=0,IF(A80=A83,AVERAGE(O80:O83),"x"),0) -> 0 | R83: =IF(L83>2005,AVERAGE(O80:O99),0) -> 0 | S83: =IF(A83=A84,(N83-N84)/N84,0) -> 0 | T83: =IF(L83>2005,(((N83-N103)/N103)+1)^(1/5)-1,0) -> 0 | U83: =IF(T83>0,R83+T83,0) -> 0 | V83: =IF(U83>0,(1+T83)*(1-((1+T83)/(1+U83))^5)/(U83-T83),0) -> 0 | W83: =IF(A83=A84,N83-N84,0) -> 0 | X83: =IF(A83=A84,(N83-N84)/N84,0) -> 0
A84: JNJ | B84: =YEAR(E84) -> 2002 | C84: =MONTH(E84) -> 5 | D84: =A84&B84&C84 -> JNJ20025 | E84: 37393 | F84: 0.205 | G84: 37418 | H84: 0.0123 | I84: 0.13888889 | J84: 0.025 | K84: =IF(YEAR(E84)=YEAR(E85),YEAR(E84),0) -> 2002 | L84: =IF(K84=0,K83,0) -> 0 | M84: =A84&L84 -> JNJ0 | N84: =F84 -> 0.205 | O84: =H84 -> 0.0123 | P84: =IF(S84>0,SUM(O84:O87)/4,0) -> 0.0122 | Q84: =IF(K84=0,IF(A81=A84,AVERAGE(O81:O84),"x"),0) -> 0 | R84: =IF(L84>2005,AVERAGE(O81:O100),0) -> 0 | S84: =IF(A84=A85,(N84-N85)/N85,0) -> 0.13888889 | T84: =IF(L84>2005,(((N84-N104)/N104)+1)^(1/5)-1,0) -> 0 | U84: =IF(T84>0,R84+T84,0) -> 0 | V84: =IF(U84>0,(1+T84)*(1-((1+T84)/(1+U84))^5)/(U84-T84),0) -> 0 | W84: =IF(A84=A85,N84-N85,0) -> 0.025 | X84: =IF(A84=A85,(N84-N85)/N85,0) -> 0.13888889
A85: JNJ | B85: =YEAR(E85) -> 2002 | C85: =MONTH(E85) -> 2 | D85: =A85&B85&C85 -> JNJ20022 | E85: 37301 | F85: 0.18 | G85: 37327 | H85: 0.0124 | I85: 0 | J85: 0 | K85: =IF(YEAR(E85)=YEAR(E86),YEAR(E85),0) -> 0 | L85: =IF(K85=0,K84,0) -> 2002 | M85: =A85&L85 -> JNJ2002 | N85: =F85 -> 0.18 | O85: =H85 -> 0.0124 | P85: =IF(S85>0,SUM(O85:O88)/4,0) -> 0 | Q85: =IF(K85=0,IF(A82=A85,AVERAGE(O82:O85),"x"),0) -> 0.0129 | R85: =IF(L85>2005,AVERAGE(O82:O101),0) -> 0 | S85: =IF(A85=A86,(N85-N86)/N86,0) -> 0 | T85: =IF(L85>2005,(((N85-N105)/N105)+1)^(1/5)-1,0) -> 0 | U85: =IF(T85>0,R85+T85,0) -> 0 | V85: =IF(U85>0,(1+T85)*(1-((1+T85)/(1+U85))^5)/(U85-T85),0) -> 0 | W85: =IF(A85=A86,N85-N86,0) -> 0 | X85: =IF(A85=A86,(N85-N86)/N86,0) -> 0
... A87: JNJ | B87: =YEAR(E87) -> 2001 | C87: =MONTH(E87) -> 8 | D87: =A87&B87&C87 -> JNJ20018 | E87: 37120 | F87: 0.18 | G87: 37145 | H87: 0.0124 | I87: -0.5 | J87: -0.18 | K87: =IF(YEAR(E87)=YEAR(E88),YEAR(E87),0) -> 2001 | L87: =IF(K87=0,K86,0) -> 0 | M87: =A87&L87 -> JNJ0 | N87: =F87 -> 0.18 | O87: =H87 -> 0.0124 | P87: =IF(S87>0,SUM(O87:O90)/4,0) -> 0 | Q87: =IF(K87=0,IF(A84=A87,AVERAGE(O84:O87),"x"),0) -> 0 | R87: =IF(L87>2005,AVERAGE(O84:O103),0) -> 0 | S87: =IF(A87=A88,(N87-N88)/N88,0) -> 0 | T87: =IF(L87>2005,(((N87-N107)/N107)+1)^(1/5)-1,0) -> 0 | U87: =IF(T87>0,R87+T87,0) -> 0 | V87: =IF(U87>0,(1+T87)*(1-((1+T87)/(1+U87))^5)/(U87-T87),0) -> 0 | W87: =IF(A87=A88,N87-N88,0) -> 0 | X87: =IF(A87=A88,(N87-N88)/N88,0) -> 0
A88: JNJ | B88: =YEAR(E88) -> 2001 | C88: =MONTH(E88) -> 5 | D88: =A88&B88&C88 -> JNJ20015 | E88: 37029 | F88: 0.36 | G88: 37054 | H88: 0.0131 | I88: 0.125 | J88: 0.04 | K88: =IF(YEAR(E88)=YEAR(E89),YEAR(E88),0) -> 2001 | L88: =IF(K88=0,K87,0) -> 0 | M88: =A88&L88 -> JNJ0 | N88: =F88/2 -> 0.18 | O88: =H88 -> 0.0131 | P88: =IF(S88>0,SUM(O88:O91)/4,0) -> 0.013025 | Q88: =IF(K88=0,IF(A85=A88,AVERAGE(O85:O88),"x"),0) -> 0 | R88: =IF(L88>2005,AVERAGE(O85:O104),0) -> 0 | S88: =IF(A88=A89,(N88-N89)/N89,0) -> 0.125 | T88: =IF(L88>2005,(((N88-N108)/N108)+1)^(1/5)-1,0) -> 0 | U88: =IF(T88>0,R88+T88,0) -> 0 | V88: =IF(U88>0,(1+T88)*(1-((1+T88)/(1+U88))^5)/(U88-T88),0) -> 0 | W88: =IF(A88=A89,N88-N89,0) -> 0.02 | X88: =IF(A88=A89,(N88-N89)/N89,0) -> 0.125
A89: JNJ | B89: =YEAR(E89) -> 2001 | C89: =MONTH(E89) -> 2 | D89: =A89&B89&C89 -> JNJ20012 | E89: 36937 | F89: 0.32 | G89: 36963 | H89: 0.0134 | I89: 0 | J89: 0 | K89: =IF(YEAR(E89)=YEAR(E90),YEAR(E89),0) -> 0 | L89: =IF(K89=0,K88,0) -> 2001 | M89: =A89&L89 -> JNJ2001 | N89: =F89/2 -> 0.16 | O89: =H89 -> 0.0134 | P89: =IF(S89>0,SUM(O89:O92)/4,0) -> 0 | Q89: =IF(K89=0,IF(A86=A89,AVERAGE(O86:O89),"x"),0) -> 0.01265 | R89: =IF(L89>2005,AVERAGE(O86:O105),0) -> 0 | S89: =IF(A89=A90,(N89-N90)/N90,0) -> 0 | T89: =IF(L89>2005,(((N89-N109)/N109)+1)^(1/5)-1,0) -> 0 | U89: =IF(T89>0,R89+T89,0) -> 0 | V89: =IF(U89>0,(1+T89)*(1-((1+T89)/(1+U89))^5)/(U89-T89),0) -> 0 | W89: =IF(A89=A90,N89-N90,0) -> 0 | X89: =IF(A89=A90,(N89-N90)/N90,0) -> 0
A90: JNJ | B90: =YEAR(E90) -> 2000 | C90: =MONTH(E90) -> 11 | D90: =A90&B90&C90 -> JNJ200011 | E90: 36847 | F90: 0.32 | G90: 36872 | H90: 0.0132 | I90: 0 | J90: 0 | K90: =IF(YEAR(E90)=YEAR(E91),YEAR(E90),0) -> 2000 | L90: =IF(K90=0,K89,0) -> 0 | M90: =A90&L90 -> JNJ0 | N90: =F90/2 -> 0.16 | O90: =H90 -> 0.0132 | P90: =IF(S90>0,SUM(O90:O93)/4,0) -> 0 | Q90: =IF(K90=0,IF(A87=A90,AVERAGE(O87:O90),"x"),0) -> 0 | R90: =IF(L90>2005,AVERAGE(O87:O106),0) -> 0 | S90: =IF(A90=A91,(N90-N91)/N91,0) -> 0 | T90: =IF(L90>2005,(((N90-N110)/N110)+1)^(1/5)-1,0) -> 0 | U90: =IF(T90>0,R90+T90,0) -> 0 | V90: =IF(U90>0,(1+T90)*(1-((1+T90)/(1+U90))^5)/(U90-T90),0) -> 0 | W90: =IF(A90=A91,N90-N91,0) -> 0 | X90: =IF(A90=A91,(N90-N91)/N91,0) -> 0
A91: JNJ | B91: =YEAR(E91) -> 2000 | C91: =MONTH(E91) -> 8 | D91: =A91&B91&C91 -> JNJ20008 | E91: 36756 | F91: 0.32 | G91: 36781 | H91: 0.0124 | I91: 0 | J91: 0 | K91: =IF(YEAR(E91)=YEAR(E92),YEAR(E91),0) -> 2000 | L91: =IF(K91=0,K90,0) -> 0 | M91: =A91&L91 -> JNJ0 | N91: =F91/2 -> 0.16 | O91: =H91 -> 0.0124 | P91: =IF(S91>0,SUM(O91:O94)/4,0) -> 0 | Q91: =IF(K91=0,IF(A88=A91,AVERAGE(O88:O91),"x"),0) -> 0 | R91: =IF(L91>2005,AVERAGE(O88:O107),0) -> 0 | S91: =IF(A91=A92,(N91-N92)/N92,0) -> 0 | T91: =IF(L91>2005,(((N91-N111)/N111)+1)^(1/5)-1,0) -> 0 | U91: =IF(T91>0,R91+T91,0) -> 0 | V91: =IF(U91>0,(1+T91)*(1-((1+T91)/(1+U91))^5)/(U91-T91),0) -> 0 | W91: =IF(A91=A92,N91-N92,0) -> 0 | X91: =IF(A91=A92,(N91-N92)/N92,0) -> 0
A92: JNJ | B92: =YEAR(E92) -> 2000 | C92: =MONTH(E92) -> 5 | D92: =A92&B92&C92 -> JNJ20005 | E92: 36665 | F92: 0.32 | G92: 36690 | H92: 0.0131 | I92: 0.14285714 | J92: 0.04 | K92: =IF(YEAR(E92)=YEAR(E93),YEAR(E92),0) -> 2000 | L92: =IF(K92=0,K91,0) -> 0 | M92: =A92&L92 -> JNJ0 | N92: =F92/2 -> 0.16 | O92: =H92 -> 0.0131 | P92: =IF(S92>0,SUM(O92:O95)/4,0) -> 0.0179 | Q92: =IF(K92=0,IF(A89=A92,AVERAGE(O89:O92),"x"),0) -> 0 | R92: =IF(L92>2005,AVERAGE(O89:O108),0) -> 0 | S92: =IF(A92=A93,(N92-N93)/N93,0) -> 0.14285714 | T92: =IF(L92>2005,(((N92-N112)/N112)+1)^(1/5)-1,0) -> 0 | U92: =IF(T92>0,R92+T92,0) -> 0 | V92: =IF(U92>0,(1+T92)*(1-((1+T92)/(1+U92))^5)/(U92-T92),0) -> 0 | W92: =IF(A92=A93,N92-N93,0) -> 0.02 | X92: =IF(A92=A93,(N92-N93)/N93,0) -> 0.14285714
A93: JNJ | B93: =YEAR(E93) -> 2000 | C93: =MONTH(E93) -> 2 | D93: =A93&B93&C93 -> JNJ20002 | E93: 36567 | F93: 0.28 | G93: 36592 | H93: 0.0144 | I93: 0 | J93: 0 | K93: =IF(YEAR(E93)=YEAR(E94),YEAR(E93),0) -> 0 | L93: =IF(K93=0,K92,0) -> 2000 | M93: =A93&L93 -> JNJ2000 | N93: =F93/2 -> 0.14 | O93: =H93 -> 0.0144 | P93: =IF(S93>0,SUM(O93:O96)/4,0) -> 0 | Q93: =IF(K93=0,IF(A90=A93,AVERAGE(O90:O93),"x"),0) -> 0.013275 | R93: =IF(L93>2005,AVERAGE(O90:O109),0) -> 0 | S93: =IF(A93=A94,(N93-N94)/N94,0) -> 0 | T93: =IF(L93>2005,(((N93-N113)/N113)+1)^(1/5)-1,0) -> 0 | U93: =IF(T93>0,R93+T93,0) -> 0 | V93: =IF(U93>0,(1+T93)*(1-((1+T93)/(1+U93))^5)/(U93-T93),0) -> 0 | W93: =IF(A93=A94,N93-N94,0) -> 0 | X93: =IF(A93=A94,(N93-N94)/N94,0) -> 0
A94: HRL | B94: =YEAR(E94) -> 2022 | C94: =MONTH(E94) -> 10 | D94: =A94&B94&C94 -> HRL202210 | E94: 44848 | F94: 0.26 | G94: 44880 | H94: 0.0226 | I94: 0 | J94: 0 | K94: =IF(YEAR(E94)=YEAR(E95),YEAR(E94),0) -> 2022 | L94: =IF(K94=0,K93,0) -> 0 | M94: =A94&L94 -> HRL0 | N94: =F94 -> 0.26 | O94: =H94 -> 0.0226 | P94: =IF(S94>0,SUM(O94:O97)/4,0) -> 0 | Q94: =IF(K94=0,IF(A91=A94,AVERAGE(O91:O94),"x"),0) -> 0 | R94: =IF(L94>2005,AVERAGE(O91:O110),0) -> 0 | S94: =IF(A94=A95,(N94-N95)/N95,0) -> 0 | T94: =IF(L94>2005,(((N94-N114)/N114)+1)^(1/5)-1,0) -> 0 | U94: =IF(T94>0,R94+T94,0) -> 0 | V94: =IF(U94>0,(1+T94)*(1-((1+T94)/(1+U94))^5)/(U94-T94),0) -> 0 | W94: =IF(A94=A95,N94-N95,0) -> 0 | X94: =IF(A94=A95,(N94-N95)/N95,0) -> 0
A95: HRL | B95: =YEAR(E95) -> 2022 | C95: =MONTH(E95) -> 7 | D95: =A95&B95&C95 -> HRL20227 | E95: 44750 | F95: 0.26 | G95: 44788 | H95: 0.0215 | I95: 0 | J95: 0 | K95: =IF(YEAR(E95)=YEAR(E96),YEAR(E95),0) -> 2022 | L95: =IF(K95=0,K94,0) -> 0 | M95: =A95&L95 -> HRL0 | N95: =F95 -> 0.26 | O95: =H95 -> 0.0215 | P95: =IF(S95>0,SUM(O95:O98)/4,0) -> 0 | Q95: =IF(K95=0,IF(A92=A95,AVERAGE(O92:O95),"x"),0) -> 0 | R95: =IF(L95>2005,AVERAGE(O92:O111),0) -> 0 | S95: =IF(A95=A96,(N95-N96)/N96,0) -> 0 | T95: =IF(L95>2005,(((N95-N115)/N115)+1)^(1/5)-1,0) -> 0 | U95: =IF(T95>0,R95+T95,0) -> 0 | V95: =IF(U95>0,(1+T95)*(1-((1+T95)/(1+U95))^5)/(U95-T95),0) -> 0 | W95: =IF(A95=A96,N95-N96,0) -> 0 | X95: =IF(A95=A96,(N95-N96)/N96,0) -> 0
A96: HRL | B96: =YEAR(E96) -> 2022 | C96: =MONTH(E96) -> 4 | D96: =A96&B96&C96 -> HRL20224 | E96: 44659 | F96: 0.26 | G96: 44697 | H96: 0.0197 | I96: 0 | J96: 0 | K96: =IF(YEAR(E96)=YEAR(E97),YEAR(E96),0) -> 2022 | L96: =IF(K96=0,K95,0) -> 0 | M96: =A96&L96 -> HRL0 | N96: =F96 -> 0.26 | O96: =H96 -> 0.0197 | P96: =IF(S96>0,SUM(O96:O99)/4,0) -> 0 | Q96: =IF(K96=0,IF(A93=A96,AVERAGE(O93:O96),"x"),0) -> 0 | R96: =IF(L96>2005,AVERAGE(O93:O112),0) -> 0 | S96: =IF(A96=A97,(N96-N97)/N97,0) -> 0 | T96: =IF(L96>2005,(((N96-N116)/N116)+1)^(1/5)-1,0) -> 0 | U96: =IF(T96>0,R96+T96,0) -> 0 | V96: =IF(U96>0,(1+T96)*(1-((1+T96)/(1+U96))^5)/(U96-T96),0) -> 0 | W96: =IF(A96=A97,N96-N97,0) -> 0 | X96: =IF(A96=A97,(N96-N97)/N97,0) -> 0
A97: HRL | B97: =YEAR(E97) -> 2022 | C97: =MONTH(E97) -> 1 | D97: =A97&B97&C97 -> HRL20221 | E97: 44575 | F97: 0.26 | G97: 44607 | H97: 0.021 | I97: 0.06122449 | J97: 0.015 | K97: =IF(YEAR(E97)=YEAR(E98),YEAR(E97),0) -> 0 | L97: =IF(K97=0,K96,0) -> 2022 | M97: =A97&L97 -> HRL2022 | N97: =F97 -> 0.26 | O97: =H97 -> 0.021 | P97: =IF(S97>0,SUM(O97:O100)/4,0) -> 0.0213 | Q97: =IF(K97=0,IF(A94=A97,AVERAGE(O94:O97),"x"),0) -> 0.0212 | R97: =IF(L97>2005,AVERAGE(O94:O113),0) -> 0.020525 | S97: =IF(A97=A98,(N97-N98)/N98,0) -> 0.06122449 | T97: =IF(L97>2005,(((N97-N117)/N117)+1)^(1/5)-1,0) -> 0.088691633 | U97: =IF(T97>0,R97+T97,0) -> 0.10921663 | V97: =IF(U97>0,(1+T97)*(1-((1+T97)/(1+U97))^5)/(U97-T97),0) -> 4.7291929 | W97: =IF(A97=A98,N97-N98,0) -> 0.015 | X97: =IF(A97=A98,(N97-N98)/N98,0) -> 0.06122449
A98: HRL | B98: =YEAR(E98) -> 2021 | C98: =MONTH(E98) -> 10 | D98: =A98&B98&C98 -> HRL202110 | E98: 44484 | F98: 0.245 | G98: 44515 | H98: 0.0229 | I98: 0 | J98: 0 | K98: =IF(YEAR(E98)=YEAR(E99),YEAR(E98),0) -> 2021 | L98: =IF(K98=0,K97,0) -> 0 | M98: =A98&L98 -> HRL0 | N98: =F98 -> 0.245 | O98: =H98 -> 0.0229 | P98: =IF(S98>0,SUM(O98:O101)/4,0) -> 0 | Q98: =IF(K98=0,IF(A95=A98,AVERAGE(O95:O98),"x"),0) -> 0 | R98: =IF(L98>2005,AVERAGE(O95:O114),0) -> 0 | S98: =IF(A98=A99,(N98-N99)/N99,0) -> 0 | T98: =IF(L98>2005,(((N98-N118)/N118)+1)^(1/5)-1,0) -> 0 | U98: =IF(T98>0,R98+T98,0) -> 0 | V98: =IF(U98>0,(1+T98)*(1-((1+T98)/(1+U98))^5)/(U98-T98),0) -> 0 | W98: =IF(A98=A99,N98-N99,0) -> 0 | X98: =IF(A98=A99,(N98-N99)/N99,0) -> 0
A99: HRL | B99: =YEAR(E99) -> 2021 | C99: =MONTH(E99) -> 7 | D99: =A99&B99&C99 -> HRL20217 | E99: 44386 | F99: 0.245 | G99: 44424 | H99: 0.0205 | I99: 0 | J99: 0 | K99: =IF(YEAR(E99)=YEAR(E100),YEAR(E99),0) -> 2021 | L99: =IF(K99=0,K98,0) -> 0 | M99: =A99&L99 -> HRL0 | N99: =F99 -> 0.245 | O99: =H99 -> 0.0205 | P99: =IF(S99>0,SUM(O99:O102)/4,0) -> 0 | Q99: =IF(K99=0,IF(A96=A99,AVERAGE(O96:O99),"x"),0) -> 0 | R99: =IF(L99>2005,AVERAGE(O96:O115),0) -> 0 | S99: =IF(A99=A100,(N99-N100)/N100,0) -> 0 | T99: =IF(L99>2005,(((N99-N119)/N119)+1)^(1/5)-1,0) -> 0 | U99: =IF(T99>0,R99+T99,0) -> 0 | V99: =IF(U99>0,(1+T99)*(1-((1+T99)/(1+U99))^5)/(U99-T99),0) -> 0 | W99: =IF(A99=A100,N99-N100,0) -> 0 | X99: =IF(A99=A100,(N99-N100)/N100,0) -> 0
A100: HRL | B100: =YEAR(E100) -> 2021 | C100: =MONTH(E100) -> 4 | D100: =A100&B100&C100 -> HRL20214 | E100: 44295 | F100: 0.245 | G100: 44333 | H100: 0.0208 | I100: 0 | J100: 0 | K100: =IF(YEAR(E100)=YEAR(E101),YEAR(E100),0) -> 2021 | L100: =IF(K100=0,K99,0) -> 0 | M100: =A100&L100 -> HRL0 | N100: =F100 -> 0.245 | O100: =H100 -> 0.0208 | P100: =IF(S100>0,SUM(O100:O103)/4,0) -> 0 | Q100: =IF(K100=0,IF(A97=A100,AVERAGE(O97:O100),"x"),0) -> 0 | R100: =IF(L100>2005,AVERAGE(O97:O116),0) -> 0 | S100: =IF(A100=A101,(N100-N101)/N101,0) -> 0 | T100: =IF(L100>2005,(((N100-N120)/N120)+1)^(1/5)-1,0) -> 0 | U100: =IF(T100>0,R100+T100,0) -> 0 | V100: =IF(U100>0,(1+T100)*(1-((1+T100)/(1+U100))^5)/(U100-T100),0) -> 0 | W100: =IF(A100=A101,N100-N101,0) -> 0 | X100: =IF(A100=A101,(N100-N101)/N101,0) -> 0
A101: HRL | B101: =YEAR(E101) -> 2021 | C101: =MONTH(E101) -> 1 | D101: =A101&B101&C101 -> HRL20211 | E101: 44204 | F101: 0.245 | G101: 44243 | H101: 0.0214 | I101: 0.053763441 | J101: 0.0125 | K101: =IF(YEAR(E101)=YEAR(E102),YEAR(E101),0) -> 0 | L101: =IF(K101=0,K100,0) -> 2021 | M101: =A101&L101 -> HRL2021 | N101: =F101 -> 0.245 | O101: =H101 -> 0.0214 | P101: =IF(S101>0,SUM(O101:O104)/4,0) -> 0.0198 | Q101: =IF(K101=0,IF(A98=A101,AVERAGE(O98:O101),"x"),0) -> 0.0214 | R101: =IF(L101>2005,AVERAGE(O98:O117),0) -> 0.0204 | S101: =IF(A101=A102,(N101-N102)/N102,0) -> 0.053763441 | T101: =IF(L101>2005,(((N101-N121)/N121)+1)^(1/5)-1,0) -> 0.11060498 | U101: =IF(T101>0,R101+T101,0) -> 0.13100498 | V101: =IF(U101>0,(1+T101)*(1-((1+T101)/(1+U101))^5)/(U101-T101),0) -> 4.7358635 | W101: =IF(A101=A102,N101-N102,0) -> 0.0125 | X101: =IF(A101=A102,(N101-N102)/N102,0) -> 0.053763441
A102: HRL | B102: =YEAR(E102) -> 2020 | C102: =MONTH(E102) -> 10 | D102: =A102&B102&C102 -> HRL202010 | E102: 44120 | F102: 0.2325 | G102: 44151 | H102: 0.0184 | I102: 0 | J102: 0 | K102: =IF(YEAR(E102)=YEAR(E103),YEAR(E102),0) -> 2020 | L102: =IF(K102=0,K101,0) -> 0 | M102: =A102&L102 -> HRL0 | N102: =F102 -> 0.2325 | O102: =H102 -> 0.0184 | P102: =IF(S102>0,SUM(O102:O105)/4,0) -> 0 | Q102: =IF(K102=0,IF(A99=A102,AVERAGE(O99:O102),"x"),0) -> 0 | R102: =IF(L102>2005,AVERAGE(O99:O118),0) -> 0 | S102: =IF(A102=A103,(N102-N103)/N103,0) -> 0 | T102: =IF(L102>2005,(((N102-N122)/N122)+1)^(1/5)-1,0) -> 0 | U102: =IF(T102>0,R102+T102,0) -> 0 | V102: =IF(U102>0,(1+T102)*(1-((1+T102)/(1+U102))^5)/(U102-T102),0) -> 0 | W102: =IF(A102=A103,N102-N103,0) -> 0 | X102: =IF(A102=A103,(N102-N103)/N103,0) -> 0
A103: HRL | B103: =YEAR(E103) -> 2020 | C103: =MONTH(E103) -> 7 | D103: =A103&B103&C103 -> HRL20207 | E103: 44022 | F103: 0.2325 | G103: 44060 | H103: 0.0198 | I103: 0 | J103: 0 | K103: =IF(YEAR(E103)=YEAR(E104),YEAR(E103),0) -> 2020 | L103: =IF(K103=0,K102,0) -> 0 | M103: =A103&L103 -> HRL0 | N103: =F103 -> 0.2325 | O103: =H103 -> 0.0198 | P103: =IF(S103>0,SUM(O103:O106)/4,0) -> 0 | Q103: =IF(K103=0,IF(A100=A103,AVERAGE(O100:O103),"x"),0) -> 0 | R103: =IF(L103>2005,AVERAGE(O100:O119),0) -> 0 | S103: =IF(A103=A104,(N103-N104)/N104,0) -> 0 | T103: =IF(L103>2005,(((N103-N123)/N123)+1)^(1/5)-1,0) -> 0 | U103: =IF(T103>0,R103+T103,0) -> 0 | V103: =IF(U103>0,(1+T103)*(1-((1+T103)/(1+U103))^5)/(U103-T103),0) -> 0 | W103: =IF(A103=A104,N103-N104,0) -> 0 | X103: =IF(A103=A104,(N103-N104)/N104,0) -> 0
A104: HRL | B104: =YEAR(E104) -> 2020 | C104: =MONTH(E104) -> 4 | D104: =A104&B104&C104 -> HRL20204 | E104: 43930 | F104: 0.2325 | G104: 43966 | H104: 0.0196 | I104: 0 | J104: 0 | K104: =IF(YEAR(E104)=YEAR(E105),YEAR(E104),0) -> 2020 | L104: =IF(K104=0,K103,0) -> 0 | M104: =A104&L104 -> HRL0 | N104: =F104 -> 0.2325 | O104: =H104 -> 0.0196 | P104: =IF(S104>0,SUM(O104:O107)/4,0) -> 0 | Q104: =IF(K104=0,IF(A101=A104,AVERAGE(O101:O104),"x"),0) -> 0 | R104: =IF(L104>2005,AVERAGE(O101:O120),0) -> 0 | S104: =IF(A104=A105,(N104-N105)/N105,0) -> 0 | T104: =IF(L104>2005,(((N104-N124)/N124)+1)^(1/5)-1,0) -> 0 | U104: =IF(T104>0,R104+T104,0) -> 0 | V104: =IF(U104>0,(1+T104)*(1-((1+T104)/(1+U104))^5)/(U104-T104),0) -> 0 | W104: =IF(A104=A105,N104-N105,0) -> 0 | X104: =IF(A104=A105,(N104-N105)/N105,0) -> 0
A105: HRL | B105: =YEAR(E105) -> 2020 | C105: =MONTH(E105) -> 1 | D105: =A105&B105&C105 -> HRL20201 | E105: 43840 | F105: 0.2325 | G105: 43879 | H105: 0.0209 | I105: 0.10714286 | J105: 0.0225 | K105: =IF(YEAR(E105)=YEAR(E106),YEAR(E105),0) -> 0 | L105: =IF(K105=0,K104,0) -> 2020 | M105: =A105&L105 -> HRL2020 | N105: =F105 -> 0.2325 | O105: =H105 -> 0.0209 | P105: =IF(S105>0,SUM(O105:O108)/4,0) -> 0.020525 | Q105: =IF(K105=0,IF(A102=A105,AVERAGE(O102:O105),"x"),0) -> 0.019675 | R105: =IF(L105>2005,AVERAGE(O102:O121),0) -> 0.018735 | S105: =IF(A105=A106,(N105-N106)/N106,0) -> 0.10714286 | T105: =IF(L105>2005,(((N105-N125)/N125)+1)^(1/5)-1,0) -> 0.1321464 | U105: =IF(T105>0,R105+T105,0) -> 0.1508814 | V105: =IF(U105>0,(1+T105)*(1-((1+T105)/(1+U105))^5)/(U105-T105),0) -> 4.7610533 | W105: =IF(A105=A106,N105-N106,0) -> 0.0225 | X105: =IF(A105=A106,(N105-N106)/N106,0) -> 0.10714286
... A120: HRL | B120: =YEAR(E120) -> 2016 | C120: =MONTH(E120) -> 4 | D120: =A120&B120&C120 -> HRL20164 | E120: 42474 | F120: 0.145 | G120: 42506 | H120: 0.0146 | I120: -0.5 | J120: -0.145 | K120: =IF(YEAR(E120)=YEAR(E121),YEAR(E120),0) -> 2016 | L120: =IF(K120=0,K119,0) -> 0 | M120: =A120&L120 -> HRL0 | N120: =F120 -> 0.145 | O120: =H120 -> 0.0146 | P120: =IF(S120>0,SUM(O120:O123)/4,0) -> 0 | Q120: =IF(K120=0,IF(A117=A120,AVERAGE(O117:O120),"x"),0) -> 0 | R120: =IF(L120>2005,AVERAGE(O117:O136),0) -> 0 | S120: =IF(A120=A121,(N120-N121)/N121,0) -> 0 | T120: =IF(L120>2005,(((N120-N140)/N140)+1)^(1/5)-1,0) -> 0 | U120: =IF(T120>0,R120+T120,0) -> 0 | V120: =IF(U120>0,(1+T120)*(1-((1+T120)/(1+U120))^5)/(U120-T120),0) -> 0 | W120: =IF(A120=A121,N120-N121,0) -> 0 | X120: =IF(A120=A121,(N120-N121)/N121,0) -> 0
A121: HRL | B121: =YEAR(E121) -> 2016 | C121: =MONTH(E121) -> 1 | D121: =A121&B121&C121 -> HRL20161 | E121: 42383 | F121: 0.29 | G121: 42416 | H121: 0.0066 | I121: 0.16 | J121: 0.04 | K121: =IF(YEAR(E121)=YEAR(E122),YEAR(E121),0) -> 0 | L121: =IF(K121=0,K120,0) -> 2016 | M121: =A121&L121 -> HRL2016 | N121: =F121/2 -> 0.145 | O121: =H121 -> 0.0066 | P121: =IF(S121>0,SUM(O121:O124)/4,0) -> 0.007575 | Q121: =IF(K121=0,IF(A118=A121,AVERAGE(O118:O121),"x"),0) -> 0.013075 | R121: =IF(L121>2005,AVERAGE(O118:O137),0) -> 0.00937 | S121: =IF(A121=A122,(N121-N122)/N122,0) -> 0.16 | T121: =IF(L121>2005,(((N121-N141)/N141)+1)^(1/5)-1,0) -> 0.17863019 | U121: =IF(T121>0,R121+T121,0) -> 0.18800019 | V121: =IF(U121>0,(1+T121)*(1-((1+T121)/(1+U121))^5)/(U121-T121),0) -> 4.8829288 | W121: =IF(A121=A122,N121-N122,0) -> 0.02 | X121: =IF(A121=A122,(N121-N122)/N122,0) -> 0.16
A122: HRL | B122: =YEAR(E122) -> 2015 | C122: =MONTH(E122) -> 10 | D122: =A122&B122&C122 -> HRL201510 | E122: 42292 | F122: 0.25 | G122: 42324 | H122: 0.0077 | I122: 0 | J122: 0 | K122: =IF(YEAR(E122)=YEAR(E123),YEAR(E122),0) -> 2015 | L122: =IF(K122=0,K121,0) -> 0 | M122: =A122&L122 -> HRL0 | N122: =F122/2 -> 0.125 | O122: =H122 -> 0.0077 | P122: =IF(S122>0,SUM(O122:O125)/4,0) -> 0 | Q122: =IF(K122=0,IF(A119=A122,AVERAGE(O119:O122),"x"),0) -> 0 | R122: =IF(L122>2005,AVERAGE(O119:O138),0) -> 0 | S122: =IF(A122=A123,(N122-N123)/N123,0) -> 0 | T122: =IF(L122>2005,(((N122-N142)/N142)+1)^(1/5)-1,0) -> 0 | U122: =IF(T122>0,R122+T122,0) -> 0 | V122: =IF(U122>0,(1+T122)*(1-((1+T122)/(1+U122))^5)/(U122-T122),0) -> 0 | W122: =IF(A122=A123,N122-N123,0) -> 0 | X122: =IF(A122=A123,(N122-N123)/N123,0) -> 0
A123: HRL | B123: =YEAR(E123) -> 2015 | C123: =MONTH(E123) -> 7 | D123: =A123&B123&C123 -> HRL20157 | E123: 42201 | F123: 0.25 | G123: 42233 | H123: 0.0082 | I123: 0 | J123: 0 | K123: =IF(YEAR(E123)=YEAR(E124),YEAR(E123),0) -> 2015 | L123: =IF(K123=0,K122,0) -> 0 | M123: =A123&L123 -> HRL0 | N123: =F123/2 -> 0.125 | O123: =H123 -> 0.0082 | P123: =IF(S123>0,SUM(O123:O126)/4,0) -> 0 | Q123: =IF(K123=0,IF(A120=A123,AVERAGE(O120:O123),"x"),0) -> 0 | R123: =IF(L123>2005,AVERAGE(O120:O139),0) -> 0 | S123: =IF(A123=A124,(N123-N124)/N124,0) -> 0 | T123: =IF(L123>2005,(((N123-N143)/N143)+1)^(1/5)-1,0) -> 0 | U123: =IF(T123>0,R123+T123,0) -> 0 | V123: =IF(U123>0,(1+T123)*(1-((1+T123)/(1+U123))^5)/(U123-T123),0) -> 0 | W123: =IF(A123=A124,N123-N124,0) -> 0 | X123: =IF(A123=A124,(N123-N124)/N124,0) -> 0
A124: HRL | B124: =YEAR(E124) -> 2015 | C124: =MONTH(E124) -> 4 | D124: =A124&B124&C124 -> HRL20154 | E124: 42110 | F124: 0.25 | G124: 42139 | H124: 0.0078 | I124: 0 | J124: 0 | K124: =IF(YEAR(E124)=YEAR(E125),YEAR(E124),0) -> 2015 | L124: =IF(K124=0,K123,0) -> 0 | M124: =A124&L124 -> HRL0 | N124: =F124/2 -> 0.125 | O124: =H124 -> 0.0078 | P124: =IF(S124>0,SUM(O124:O127)/4,0) -> 0 | Q124: =IF(K124=0,IF(A121=A124,AVERAGE(O121:O124),"x"),0) -> 0 | R124: =IF(L124>2005,AVERAGE(O121:O140),0) -> 0 | S124: =IF(A124=A125,(N124-N125)/N125,0) -> 0 | T124: =IF(L124>2005,(((N124-N144)/N144)+1)^(1/5)-1,0) -> 0 | U124: =IF(T124>0,R124+T124,0) -> 0 | V124: =IF(U124>0,(1+T124)*(1-((1+T124)/(1+U124))^5)/(U124-T124),0) -> 0 | W124: =IF(A124=A125,N124-N125,0) -> 0 | X124: =IF(A124=A125,(N124-N125)/N125,0) -> 0
A125: HRL | B125: =YEAR(E125) -> 2015 | C125: =MONTH(E125) -> 1 | D125: =A125&B125&C125 -> HRL20151 | E125: 42019 | F125: 0.25 | G125: 42052 | H125: 0.0084 | I125: 0.25 | J125: 0.05 | K125: =IF(YEAR(E125)=YEAR(E126),YEAR(E125),0) -> 0 | L125: =IF(K125=0,K124,0) -> 2015 | M125: =A125&L125 -> HRL2015 | N125: =F125/2 -> 0.125 | O125: =H125 -> 0.0084 | P125: =IF(S125>0,SUM(O125:O128)/4,0) -> 0.008025 | Q125: =IF(K125=0,IF(A122=A125,AVERAGE(O122:O125),"x"),0) -> 0.008025 | R125: =IF(L125>2005,AVERAGE(O122:O141),0) -> 0.008445 | S125: =IF(A125=A126,(N125-N126)/N126,0) -> 0.25 | T125: =IF(L125>2005,(((N125-N145)/N145)+1)^(1/5)-1,0) -> 0.18946082 | U125: =IF(T125>0,R125+T125,0) -> 0.19790582 | V125: =IF(U125>0,(1+T125)*(1-((1+T125)/(1+U125))^5)/(U125-T125),0) -> 4.8952417 | W125: =IF(A125=A126,N125-N126,0) -> 0.025 | X125: =IF(A125=A126,(N125-N126)/N126,0) -> 0.25
A126: HRL | B126: =YEAR(E126) -> 2014 | C126: =MONTH(E126) -> 10 | D126: =A126&B126&C126 -> HRL201410 | E126: 41928 | F126: 0.2 | G126: 41957 | H126: 0.0079 | I126: 0 | J126: 0 | K126: =IF(YEAR(E126)=YEAR(E127),YEAR(E126),0) -> 2014 | L126: =IF(K126=0,K125,0) -> 0 | M126: =A126&L126 -> HRL0 | N126: =F126/2 -> 0.1 | O126: =H126 -> 0.0079 | P126: =IF(S126>0,SUM(O126:O129)/4,0) -> 0 | Q126: =IF(K126=0,IF(A123=A126,AVERAGE(O123:O126),"x"),0) -> 0 | R126: =IF(L126>2005,AVERAGE(O123:O142),0) -> 0 | S126: =IF(A126=A127,(N126-N127)/N127,0) -> 0 | T126: =IF(L126>2005,(((N126-N146)/N146)+1)^(1/5)-1,0) -> 0 | U126: =IF(T126>0,R126+T126,0) -> 0 | V126: =IF(U126>0,(1+T126)*(1-((1+T126)/(1+U126))^5)/(U126-T126),0) -> 0 | W126: =IF(A126=A127,N126-N127,0) -> 0 | X126: =IF(A126=A127,(N126-N127)/N127,0) -> 0
A127: HRL | B127: =YEAR(E127) -> 2014 | C127: =MONTH(E127) -> 7 | D127: =A127&B127&C127 -> HRL20147 | E127: 41837 | F127: 0.2 | G127: 41866 | H127: 0.008 | I127: 0 | J127: 0 | K127: =IF(YEAR(E127)=YEAR(E128),YEAR(E127),0) -> 2014 | L127: =IF(K127=0,K126,0) -> 0 | M127: =A127&L127 -> HRL0 | N127: =F127/2 -> 0.1 | O127: =H127 -> 0.008 | P127: =IF(S127>0,SUM(O127:O130)/4,0) -> 0 | Q127: =IF(K127=0,IF(A124=A127,AVERAGE(O124:O127),"x"),0) -> 0 | R127: =IF(L127>2005,AVERAGE(O124:O143),0) -> 0 | S127: =IF(A127=A128,(N127-N128)/N128,0) -> 0 | T127: =IF(L127>2005,(((N127-N147)/N147)+1)^(1/5)-1,0) -> 0 | U127: =IF(T127>0,R127+T127,0) -> 0 | V127: =IF(U127>0,(1+T127)*(1-((1+T127)/(1+U127))^5)/(U127-T127),0) -> 0 | W127: =IF(A127=A128,N127-N128,0) -> 0 | X127: =IF(A127=A128,(N127-N128)/N128,0) -> 0
A128: HRL | B128: =YEAR(E128) -> 2014 | C128: =MONTH(E128) -> 4 | D128: =A128&B128&C128 -> HRL20144 | E128: 41745 | F128: 0.2 | G128: 41774 | H128: 0.0078 | I128: 0 | J128: 0 | K128: =IF(YEAR(E128)=YEAR(E129),YEAR(E128),0) -> 2014 | L128: =IF(K128=0,K127,0) -> 0 | M128: =A128&L128 -> HRL0 | N128: =F128/2 -> 0.1 | O128: =H128 -> 0.0078 | P128: =IF(S128>0,SUM(O128:O131)/4,0) -> 0 | Q128: =IF(K128=0,IF(A125=A128,AVERAGE(O125:O128),"x"),0) -> 0 | R128: =IF(L128>2005,AVERAGE(O125:O144),0) -> 0 | S128: =IF(A128=A129,(N128-N129)/N129,0) -> 0 | T128: =IF(L128>2005,(((N128-N148)/N148)+1)^(1/5)-1,0) -> 0 | U128: =IF(T128>0,R128+T128,0) -> 0 | V128: =IF(U128>0,(1+T128)*(1-((1+T128)/(1+U128))^5)/(U128-T128),0) -> 0 | W128: =IF(A128=A129,N128-N129,0) -> 0 | X128: =IF(A128=A129,(N128-N129)/N129,0) -> 0
A129: HRL | B129: =YEAR(E129) -> 2014 | C129: =MONTH(E129) -> 1 | D129: =A129&B129&C129 -> HRL20141 | E129: 41656 | F129: 0.2 | G129: 41684 | H129: 0.0076 | I129: 0.17647059 | J129: 0.03 | K129: =IF(YEAR(E129)=YEAR(E130),YEAR(E129),0) -> 0 | L129: =IF(K129=0,K128,0) -> 2014 | M129: =A129&L129 -> HRL2014 | N129: =F129/2 -> 0.1 | O129: =H129 -> 0.0076 | P129: =IF(S129>0,SUM(O129:O132)/4,0) -> 0.007825 | Q129: =IF(K129=0,IF(A126=A129,AVERAGE(O126:O129),"x"),0) -> 0.007825 | R129: =IF(L129>2005,AVERAGE(O126:O145),0) -> 0.008765 | S129: =IF(A129=A130,(N129-N130)/N130,0) -> 0.17647059 | T129: =IF(L129>2005,(((N129-N149)/N149)+1)^(1/5)-1,0) -> 0.16054311 | U129: =IF(T129>0,R129+T129,0) -> 0.16930811 | V129: =IF(U129>0,(1+T129)*(1-((1+T129)/(1+U129))^5)/(U129-T129),0) -> 4.8886792 | W129: =IF(A129=A130,N129-N130,0) -> 0.015 | X129: =IF(A129=A130,(N129-N130)/N130,0) -> 0.17647059
A130: HRL | B130: =YEAR(E130) -> 2013 | C130: =MONTH(E130) -> 10 | D130: =A130&B130&C130 -> HRL201310 | E130: 41564 | F130: 0.17 | G130: 41593 | H130: 0.0079 | I130: 0 | J130: 0 | K130: =IF(YEAR(E130)=YEAR(E131),YEAR(E130),0) -> 2013 | L130: =IF(K130=0,K129,0) -> 0 | M130: =A130&L130 -> HRL0 | N130: =F130/2 -> 0.085 | O130: =H130 -> 0.0079 | P130: =IF(S130>0,SUM(O130:O133)/4,0) -> 0 | Q130: =IF(K130=0,IF(A127=A130,AVERAGE(O127:O130),"x"),0) -> 0 | R130: =IF(L130>2005,AVERAGE(O127:O146),0) -> 0 | S130: =IF(A130=A131,(N130-N131)/N131,0) -> 0 | T130: =IF(L130>2005,(((N130-N150)/N150)+1)^(1/5)-1,0) -> 0 | U130: =IF(T130>0,R130+T130,0) -> 0 | V130: =IF(U130>0,(1+T130)*(1-((1+T130)/(1+U130))^5)/(U130-T130),0) -> 0 | W130: =IF(A130=A131,N130-N131,0) -> 0 | X130: =IF(A130=A131,(N130-N131)/N131,0) -> 0
A131: HRL | B131: =YEAR(E131) -> 2013 | C131: =MONTH(E131) -> 7 | D131: =A131&B131&C131 -> HRL20137 | E131: 41473 | F131: 0.17 | G131: 41501 | H131: 0.008 | I131: 0 | J131: 0 | K131: =IF(YEAR(E131)=YEAR(E132),YEAR(E131),0) -> 2013 | L131: =IF(K131=0,K130,0) -> 0 | M131: =A131&L131 -> HRL0 | N131: =F131/2 -> 0.085 | O131: =H131 -> 0.008 | P131: =IF(S131>0,SUM(O131:O134)/4,0) -> 0 | Q131: =IF(K131=0,IF(A128=A131,AVERAGE(O128:O131),"x"),0) -> 0 | R131: =IF(L131>2005,AVERAGE(O128:O147),0) -> 0 | S131: =IF(A131=A132,(N131-N132)/N132,0) -> 0 | T131: =IF(L131>2005,(((N131-N151)/N151)+1)^(1/5)-1,0) -> 0 | U131: =IF(T131>0,R131+T131,0) -> 0 | V131: =IF(U131>0,(1+T131)*(1-((1+T131)/(1+U131))^5)/(U131-T131),0) -> 0 | W131: =IF(A131=A132,N131-N132,0) -> 0 | X131: =IF(A131=A132,(N131-N132)/N132,0) -> 0
A132: HRL | B132: =YEAR(E132) -> 2013 | C132: =MONTH(E132) -> 4 | D132: =A132&B132&C132 -> HRL20134 | E132: 41382 | F132: 0.17 | G132: 41409 | H132: 0.0078 | I132: 0 | J132: 0 | K132: =IF(YEAR(E132)=YEAR(E133),YEAR(E132),0) -> 2013 | L132: =IF(K132=0,K131,0) -> 0 | M132: =A132&L132 -> HRL0 | N132: =F132/2 -> 0.085 | O132: =H132 -> 0.0078 | P132: =IF(S132>0,SUM(O132:O135)/4,0) -> 0 | Q132: =IF(K132=0,IF(A129=A132,AVERAGE(O129:O132),"x"),0) -> 0 | R132: =IF(L132>2005,AVERAGE(O129:O148),0) -> 0 | S132: =IF(A132=A133,(N132-N133)/N133,0) -> 0 | T132: =IF(L132>2005,(((N132-N152)/N152)+1)^(1/5)-1,0) -> 0 | U132: =IF(T132>0,R132+T132,0) -> 0 | V132: =IF(U132>0,(1+T132)*(1-((1+T132)/(1+U132))^5)/(U132-T132),0) -> 0 | W132: =IF(A132=A133,N132-N133,0) -> 0 | X132: =IF(A132=A133,(N132-N133)/N133,0) -> 0
... A140: HRL | B140: =YEAR(E140) -> 2011 | C140: =MONTH(E140) -> 4 | D140: =A140&B140&C140 -> HRL20114 | E140: 40652 | F140: 0.1275 | G140: 40678 | H140: 0.0082 | I140: -0.5 | J140: -0.1275 | K140: =IF(YEAR(E140)=YEAR(E141),YEAR(E140),0) -> 2011 | L140: =IF(K140=0,K139,0) -> 0 | M140: =A140&L140 -> HRL0 | N140: =F140/2 -> 0.06375 | O140: =H140 -> 0.0082 | P140: =IF(S140>0,SUM(O140:O143)/4,0) -> 0 | Q140: =IF(K140=0,IF(A137=A140,AVERAGE(O137:O140),"x"),0) -> 0 | R140: =IF(L140>2005,AVERAGE(O137:O156),0) -> 0 | S140: =IF(A140=A141,(N140-N141)/N141,0) -> 0 | T140: =IF(L140>2005,(((N140-N160)/N160)+1)^(1/5)-1,0) -> 0 | U140: =IF(T140>0,R140+T140,0) -> 0 | V140: =IF(U140>0,(1+T140)*(1-((1+T140)/(1+U140))^5)/(U140-T140),0) -> 0 | W140: =IF(A140=A141,N140-N141,0) -> 0 | X140: =IF(A140=A141,(N140-N141)/N141,0) -> 0
A141: HRL | B141: =YEAR(E141) -> 2011 | C141: =MONTH(E141) -> 1 | D141: =A141&B141&C141 -> HRL20111 | E141: 40562 | F141: 0.255 | G141: 40589 | H141: 0.0087 | I141: 0.21428571 | J141: 0.045 | K141: =IF(YEAR(E141)=YEAR(E142),YEAR(E141),0) -> 0 | L141: =IF(K141=0,K140,0) -> 2011 | M141: =A141&L141 -> HRL2011 | N141: =F141/4 -> 0.06375 | O141: =H141 -> 0.0087 | P141: =IF(S141>0,SUM(O141:O144)/4,0) -> 0.0093 | Q141: =IF(K141=0,IF(A138=A141,AVERAGE(O138:O141),"x"),0) -> 0.00845 | R141: =IF(L141>2005,AVERAGE(O138:O157),0) -> 0.009325 | S141: =IF(A141=A142,(N141-N142)/N142,0) -> 0.21428571 | T141: =IF(L141>2005,(((N141-N161)/N161)+1)^(1/5)-1,0) -> 0.12741142 | U141: =IF(T141>0,R141+T141,0) -> 0.13673642 | V141: =IF(U141>0,(1+T141)*(1-((1+T141)/(1+U141))^5)/(U141-T141),0) -> 4.878288 | W141: =IF(A141=A142,N141-N142,0) -> 0.01125 | X141: =IF(A141=A142,(N141-N142)/N142,0) -> 0.21428571
A142: HRL | B142: =YEAR(E142) -> 2010 | C142: =MONTH(E142) -> 10 | D142: =A142&B142&C142 -> HRL201010 | E142: 40471 | F142: 0.21 | G142: 40497 | H142: 0.0094 | I142: 0 | J142: 0 | K142: =IF(YEAR(E142)=YEAR(E143),YEAR(E142),0) -> 2010 | L142: =IF(K142=0,K141,0) -> 0 | M142: =A142&L142 -> HRL0 | N142: =F142/4 -> 0.0525 | O142: =H142 -> 0.0094 | P142: =IF(S142>0,SUM(O142:O145)/4,0) -> 0 | Q142: =IF(K142=0,IF(A139=A142,AVERAGE(O139:O142),"x"),0) -> 0 | R142: =IF(L142>2005,AVERAGE(O139:O158),0) -> 0 | S142: =IF(A142=A143,(N142-N143)/N143,0) -> 0 | T142: =IF(L142>2005,(((N142-N162)/N162)+1)^(1/5)-1,0) -> 0 | U142: =IF(T142>0,R142+T142,0) -> 0 | V142: =IF(U142>0,(1+T142)*(1-((1+T142)/(1+U142))^5)/(U142-T142),0) -> 0 | W142: =IF(A142=A143,N142-N143,0) -> 0 | X142: =IF(A142=A143,(N142-N143)/N143,0) -> 0
A143: HRL | B143: =YEAR(E143) -> 2010 | C143: =MONTH(E143) -> 7 | D143: =A143&B143&C143 -> HRL20107 | E143: 40380 | F143: 0.21 | G143: 40405 | H143: 0.0096 | I143: 0 | J143: 0 | K143: =IF(YEAR(E143)=YEAR(E144),YEAR(E143),0) -> 2010 | L143: =IF(K143=0,K142,0) -> 0 | M143: =A143&L143 -> HRL0 | N143: =F143/4 -> 0.0525 | O143: =H143 -> 0.0096 | P143: =IF(S143>0,SUM(O143:O146)/4,0) -> 0 | Q143: =IF(K143=0,IF(A140=A143,AVERAGE(O140:O143),"x"),0) -> 0 | R143: =IF(L143>2005,AVERAGE(O140:O159),0) -> 0 | S143: =IF(A143=A144,(N143-N144)/N144,0) -> 0 | T143: =IF(L143>2005,(((N143-N163)/N163)+1)^(1/5)-1,0) -> 0 | U143: =IF(T143>0,R143+T143,0) -> 0 | V143: =IF(U143>0,(1+T143)*(1-((1+T143)/(1+U143))^5)/(U143-T143),0) -> 0 | W143: =IF(A143=A144,N143-N144,0) -> 0 | X143: =IF(A143=A144,(N143-N144)/N144,0) -> 0
A144: HRL | B144: =YEAR(E144) -> 2010 | C144: =MONTH(E144) -> 4 | D144: =A144&B144&C144 -> HRL20104 | E144: 40282 | F144: 0.21 | G144: 40313 | H144: 0.0095 | I144: 0 | J144: 0 | K144: =IF(YEAR(E144)=YEAR(E145),YEAR(E144),0) -> 2010 | L144: =IF(K144=0,K143,0) -> 0 | M144: =A144&L144 -> HRL0 | N144: =F144/4 -> 0.0525 | O144: =H144 -> 0.0095 | P144: =IF(S144>0,SUM(O144:O147)/4,0) -> 0 | Q144: =IF(K144=0,IF(A141=A144,AVERAGE(O141:O144),"x"),0) -> 0 | R144: =IF(L144>2005,AVERAGE(O141:O160),0) -> 0 | S144: =IF(A144=A145,(N144-N145)/N145,0) -> 0 | T144: =IF(L144>2005,(((N144-N164)/N164)+1)^(1/5)-1,0) -> 0 | U144: =IF(T144>0,R144+T144,0) -> 0 | V144: =IF(U144>0,(1+T144)*(1-((1+T144)/(1+U144))^5)/(U144-T144),0) -> 0 | W144: =IF(A144=A145,N144-N145,0) -> 0 | X144: =IF(A144=A145,(N144-N145)/N145,0) -> 0
A145: HRL | B145: =YEAR(E145) -> 2010 | C145: =MONTH(E145) -> 1 | D145: =A145&B145&C145 -> HRL20101 | E145: 40198 | F145: 0.21 | G145: 40224 | H145: 0.01 | I145: 0.10526316 | J145: 0.02 | K145: =IF(YEAR(E145)=YEAR(E146),YEAR(E145),0) -> 0 | L145: =IF(K145=0,K144,0) -> 2010 | M145: =A145&L145 -> HRL2010 | N145: =F145/4 -> 0.0525 | O145: =H145 -> 0.01 | P145: =IF(S145>0,SUM(O145:O148)/4,0) -> 0.010825 | Q145: =IF(K145=0,IF(A142=A145,AVERAGE(O142:O145),"x"),0) -> 0.009625 | R145: =IF(L145>2005,AVERAGE(O142:O161),0) -> 0.00919 | S145: =IF(A145=A146,(N145-N146)/N146,0) -> 0.10526316 | T145: =IF(L145>2005,(((N145-N165)/N165)+1)^(1/5)-1,0) -> 0.10066508 | U145: =IF(T145>0,R145+T145,0) -> 0.10985508 | V145: =IF(U145>0,(1+T145)*(1-((1+T145)/(1+U145))^5)/(U145-T145),0) -> 4.8771574 | W145: =IF(A145=A146,N145-N146,0) -> 0.005 | X145: =IF(A145=A146,(N145-N146)/N146,0) -> 0.10526316
A146: HRL | B146: =YEAR(E146) -> 2009 | C146: =MONTH(E146) -> 10 | D146: =A146&B146&C146 -> HRL200910 | E146: 40107 | F146: 0.19 | G146: 40132 | H146: 0.0104 | I146: 0 | J146: 0 | K146: =IF(YEAR(E146)=YEAR(E147),YEAR(E146),0) -> 2009 | L146: =IF(K146=0,K145,0) -> 0 | M146: =A146&L146 -> HRL0 | N146: =F146/4 -> 0.0475 | O146: =H146 -> 0.0104 | P146: =IF(S146>0,SUM(O146:O149)/4,0) -> 0 | Q146: =IF(K146=0,IF(A143=A146,AVERAGE(O143:O146),"x"),0) -> 0 | R146: =IF(L146>2005,AVERAGE(O143:O162),0) -> 0 | S146: =IF(A146=A147,(N146-N147)/N147,0) -> 0 | T146: =IF(L146>2005,(((N146-N166)/N166)+1)^(1/5)-1,0) -> 0 | U146: =IF(T146>0,R146+T146,0) -> 0 | V146: =IF(U146>0,(1+T146)*(1-((1+T146)/(1+U146))^5)/(U146-T146),0) -> 0 | W146: =IF(A146=A147,N146-N147,0) -> 0 | X146: =IF(A146=A147,(N146-N147)/N147,0) -> 0
A147: HRL | B147: =YEAR(E147) -> 2009 | C147: =MONTH(E147) -> 7 | D147: =A147&B147&C147 -> HRL20097 | E147: 40009 | F147: 0.19 | G147: 40040 | H147: 0.0109 | I147: 0 | J147: 0 | K147: =IF(YEAR(E147)=YEAR(E148),YEAR(E147),0) -> 2009 | L147: =IF(K147=0,K146,0) -> 0 | M147: =A147&L147 -> HRL0 | N147: =F147/4 -> 0.0475 | O147: =H147 -> 0.0109 | P147: =IF(S147>0,SUM(O147:O150)/4,0) -> 0 | Q147: =IF(K147=0,IF(A144=A147,AVERAGE(O144:O147),"x"),0) -> 0 | R147: =IF(L147>2005,AVERAGE(O144:O163),0) -> 0 | S147: =IF(A147=A148,(N147-N148)/N148,0) -> 0 | T147: =IF(L147>2005,(((N147-N167)/N167)+1)^(1/5)-1,0) -> 0 | U147: =IF(T147>0,R147+T147,0) -> 0 | V147: =IF(U147>0,(1+T147)*(1-((1+T147)/(1+U147))^5)/(U147-T147),0) -> 0 | W147: =IF(A147=A148,N147-N148,0) -> 0 | X147: =IF(A147=A148,(N147-N148)/N148,0) -> 0
A148: HRL | B148: =YEAR(E148) -> 2009 | C148: =MONTH(E148) -> 4 | D148: =A148&B148&C148 -> HRL20094 | E148: 39918 | F148: 0.19 | G148: 39948 | H148: 0.012 | I148: 0 | J148: 0 | K148: =IF(YEAR(E148)=YEAR(E149),YEAR(E148),0) -> 2009 | L148: =IF(K148=0,K147,0) -> 0 | M148: =A148&L148 -> HRL0 | N148: =F148/4 -> 0.0475 | O148: =H148 -> 0.012 | P148: =IF(S148>0,SUM(O148:O151)/4,0) -> 0 | Q148: =IF(K148=0,IF(A145=A148,AVERAGE(O145:O148),"x"),0) -> 0 | R148: =IF(L148>2005,AVERAGE(O145:O164),0) -> 0 | S148: =IF(A148=A149,(N148-N149)/N149,0) -> 0 | T148: =IF(L148>2005,(((N148-N168)/N168)+1)^(1/5)-1,0) -> 0 | U148: =IF(T148>0,R148+T148,0) -> 0 | V148: =IF(U148>0,(1+T148)*(1-((1+T148)/(1+U148))^5)/(U148-T148),0) -> 0 | W148: =IF(A148=A149,N148-N149,0) -> 0 | X148: =IF(A148=A149,(N148-N149)/N149,0) -> 0
A149: HRL | B149: =YEAR(E149) -> 2009 | C149: =MONTH(E149) -> 1 | D149: =A149&B149&C149 -> HRL20091 | E149: 39834 | F149: 0.19 | G149: 39859 | H149: 0.0121 | I149: 0.027027027 | J149: 0.005 | K149: =IF(YEAR(E149)=YEAR(E150),YEAR(E149),0) -> 0 | L149: =IF(K149=0,K148,0) -> 2009 | M149: =A149&L149 -> HRL2009 | N149: =F149/4 -> 0.0475 | O149: =H149 -> 0.0121 | P149: =IF(S149>0,SUM(O149:O152)/4,0) -> 0.01035 | Q149: =IF(K149=0,IF(A146=A149,AVERAGE(O146:O149),"x"),0) -> 0.01135 | R149: =IF(L149>2005,AVERAGE(O146:O165),0) -> 0.008875 | S149: =IF(A149=A150,(N149-N150)/N150,0) -> 0.027027027 | T149: =IF(L149>2005,(((N149-N169)/N169)+1)^(1/5)-1,0) -> 0.11050423 | U149: =IF(T149>0,R149+T149,0) -> 0.11937923 | V149: =IF(U149>0,(1+T149)*(1-((1+T149)/(1+U149))^5)/(U149-T149),0) -> 4.8823222 | W149: =IF(A149=A150,N149-N150,0) -> 0.00125 | X149: =IF(A149=A150,(N149-N150)/N150,0) -> 0.027027027
A150: HRL | B150: =YEAR(E150) -> 2008 | C150: =MONTH(E150) -> 10 | D150: =A150&B150&C150 -> HRL200810 | E150: 39736 | F150: 0.185 | G150: 39767 | H150: 0.0109 | I150: 0 | J150: 0 | K150: =IF(YEAR(E150)=YEAR(E151),YEAR(E150),0) -> 2008 | L150: =IF(K150=0,K149,0) -> 0 | M150: =A150&L150 -> HRL0 | N150: =F150/4 -> 0.04625 | O150: =H150 -> 0.0109 | P150: =IF(S150>0,SUM(O150:O153)/4,0) -> 0 | Q150: =IF(K150=0,IF(A147=A150,AVERAGE(O147:O150),"x"),0) -> 0 | R150: =IF(L150>2005,AVERAGE(O147:O166),0) -> 0 | S150: =IF(A150=A151,(N150-N151)/N151,0) -> 0 | T150: =IF(L150>2005,(((N150-N170)/N170)+1)^(1/5)-1,0) -> 0 | U150: =IF(T150>0,R150+T150,0) -> 0 | V150: =IF(U150>0,(1+T150)*(1-((1+T150)/(1+U150))^5)/(U150-T150),0) -> 0 | W150: =IF(A150=A151,N150-N151,0) -> 0 | X150: =IF(A150=A151,(N150-N151)/N151,0) -> 0
A151: HRL | B151: =YEAR(E151) -> 2008 | C151: =MONTH(E151) -> 7 | D151: =A151&B151&C151 -> HRL20087 | E151: 39645 | F151: 0.185 | G151: 39675 | H151: 0.01 | I151: 0 | J151: 0 | K151: =IF(YEAR(E151)=YEAR(E152),YEAR(E151),0) -> 2008 | L151: =IF(K151=0,K150,0) -> 0 | M151: =A151&L151 -> HRL0 | N151: =F151/4 -> 0.04625 | O151: =H151 -> 0.01 | P151: =IF(S151>0,SUM(O151:O154)/4,0) -> 0 | Q151: =IF(K151=0,IF(A148=A151,AVERAGE(O148:O151),"x"),0) -> 0 | R151: =IF(L151>2005,AVERAGE(O148:O167),0) -> 0 | S151: =IF(A151=A152,(N151-N152)/N152,0) -> 0 | T151: =IF(L151>2005,(((N151-N171)/N171)+1)^(1/5)-1,0) -> 0 | U151: =IF(T151>0,R151+T151,0) -> 0 | V151: =IF(U151>0,(1+T151)*(1-((1+T151)/(1+U151))^5)/(U151-T151),0) -> 0 | W151: =IF(A151=A152,N151-N152,0) -> 0 | X151: =IF(A151=A152,(N151-N152)/N152,0) -> 0
A152: HRL | B152: =YEAR(E152) -> 2008 | C152: =MONTH(E152) -> 4 | D152: =A152&B152&C152 -> HRL20084 | E152: 39554 | F152: 0.185 | G152: 39583 | H152: 0.0084 | I152: 0 | J152: 0 | K152: =IF(YEAR(E152)=YEAR(E153),YEAR(E152),0) -> 2008 | L152: =IF(K152=0,K151,0) -> 0 | M152: =A152&L152 -> HRL0 | N152: =F152/4 -> 0.04625 | O152: =H152 -> 0.0084 | P152: =IF(S152>0,SUM(O152:O155)/4,0) -> 0 | Q152: =IF(K152=0,IF(A149=A152,AVERAGE(O149:O152),"x"),0) -> 0 | R152: =IF(L152>2005,AVERAGE(O149:O168),0) -> 0 | S152: =IF(A152=A153,(N152-N153)/N153,0) -> 0 | T152: =IF(L152>2005,(((N152-N172)/N172)+1)^(1/5)-1,0) -> 0 | U152: =IF(T152>0,R152+T152,0) -> 0 | V152: =IF(U152>0,(1+T152)*(1-((1+T152)/(1+U152))^5)/(U152-T152),0) -> 0 | W152: =IF(A152=A153,N152-N153,0) -> 0 | X152: =IF(A152=A153,(N152-N153)/N153,0) -> 0
... A184: HRL | B184: =YEAR(E184) -> 2000 | C184: =MONTH(E184) -> 4 | D184: =A184&B184&C184 -> HRL20004 | E184: 36634 | F184: 0.0875 | G184: 36661 | H184: 0.0103 | I184: -0.5 | J184: -0.0875 | K184: =IF(YEAR(E184)=YEAR(E185),YEAR(E184),0) -> 2000 | L184: =IF(K184=0,K183,0) -> 0 | M184: =A184&L184 -> HRL0 | N184: =F184/4 -> 0.021875 | O184: =H184 -> 0.0103 | P184: =IF(S184>0,SUM(O184:O187)/4,0) -> 0 | Q184: =IF(K184=0,IF(A181=A184,AVERAGE(O181:O184),"x"),0) -> 0 | R184: =IF(L184>2005,AVERAGE(O181:O200),0) -> 0 | S184: =IF(A184=A185,(N184-N185)/N185,0) -> 0 | T184: =IF(L184>2005,(((N184-N204)/N204)+1)^(1/5)-1,0) -> 0 | U184: =IF(T184>0,R184+T184,0) -> 0 | V184: =IF(U184>0,(1+T184)*(1-((1+T184)/(1+U184))^5)/(U184-T184),0) -> 0 | W184: =IF(A184=A185,N184-N185,0) -> 0 | X184: =IF(A184=A185,(N184-N185)/N185,0) -> 0
A185: HRL | B185: =YEAR(E185) -> 2000 | C185: =MONTH(E185) -> 1 | D185: =A185&B185&C185 -> HRL20001 | E185: 36544 | F185: 0.175 | G185: 36571 | H185: 0.0082 | I185: 0 | J185: 0 | K185: =IF(YEAR(E185)=YEAR(E186),YEAR(E185),0) -> 0 | L185: =IF(K185=0,K184,0) -> 2000 | M185: =A185&L185 -> HRL2000 | N185: =F185/8 -> 0.021875 | O185: =H185 -> 0.0082 | P185: =IF(S185>0,SUM(O185:O188)/4,0) -> 0 | Q185: =IF(K185=0,IF(A182=A185,AVERAGE(O182:O185),"x"),0) -> 0.0099 | R185: =IF(L185>2005,AVERAGE(O182:O201),0) -> 0 | S185: =IF(A185=A186,(N185-N186)/N186,0) -> 0 | T185: =IF(L185>2005,(((N185-N205)/N205)+1)^(1/5)-1,0) -> 0 | U185: =IF(T185>0,R185+T185,0) -> 0 | V185: =IF(U185>0,(1+T185)*(1-((1+T185)/(1+U185))^5)/(U185-T185),0) -> 0 | W185: =IF(A185=A186,N185-N186,0) -> 0 | X185: =IF(A185=A186,(N185-N186)/N186,0) -> 0
A186: EMR | B186: =YEAR(E186) -> 2022 | C186: =MONTH(E186) -> 8 | D186: =A186&B186&C186 -> EMR20228 | E186: 44784 | F186: 0.515 | G186: 44813 | H186: 0.0235 | I186: 0 | J186: 0 | K186: =IF(YEAR(E186)=YEAR(E187),YEAR(E186),0) -> 2022 | L186: =IF(K186=0,K185,0) -> 0 | M186: =A186&L186 -> EMR0 | N186: =F186 -> 0.515 | O186: =H186 -> 0.0235 | P186: =IF(S186>0,SUM(O186:O189)/4,0) -> 0 | Q186: =IF(K186=0,IF(A183=A186,AVERAGE(O183:O186),"x"),0) -> 0 | R186: =IF(L186>2005,AVERAGE(O183:O202),0) -> 0 | S186: =IF(A186=A187,(N186-N187)/N187,0) -> 0 | T186: =IF(L186>2005,(((N186-N206)/N206)+1)^(1/5)-1,0) -> 0 | U186: =IF(T186>0,R186+T186,0) -> 0 | V186: =IF(U186>0,(1+T186)*(1-((1+T186)/(1+U186))^5)/(U186-T186),0) -> 0 | W186: =IF(A186=A187,N186-N187,0) -> 0 | X186: =IF(A186=A187,(N186-N187)/N187,0) -> 0
A187: EMR | B187: =YEAR(E187) -> 2022 | C187: =MONTH(E187) -> 5 | D187: =A187&B187&C187 -> EMR20225 | E187: 44693 | F187: 0.515 | G187: 44722 | H187: 0.0248 | I187: 0 | J187: 0 | K187: =IF(YEAR(E187)=YEAR(E188),YEAR(E187),0) -> 2022 | L187: =IF(K187=0,K186,0) -> 0 | M187: =A187&L187 -> EMR0 | N187: =F187 -> 0.515 | O187: =H187 -> 0.0248 | P187: =IF(S187>0,SUM(O187:O190)/4,0) -> 0 | Q187: =IF(K187=0,IF(A184=A187,AVERAGE(O184:O187),"x"),0) -> 0 | R187: =IF(L187>2005,AVERAGE(O184:O203),0) -> 0 | S187: =IF(A187=A188,(N187-N188)/N188,0) -> 0 | T187: =IF(L187>2005,(((N187-N207)/N207)+1)^(1/5)-1,0) -> 0 | U187: =IF(T187>0,R187+T187,0) -> 0 | V187: =IF(U187>0,(1+T187)*(1-((1+T187)/(1+U187))^5)/(U187-T187),0) -> 0 | W187: =IF(A187=A188,N187-N188,0) -> 0 | X187: =IF(A187=A188,(N187-N188)/N188,0) -> 0
A188: EMR | B188: =YEAR(E188) -> 2022 | C188: =MONTH(E188) -> 2 | D188: =A188&B188&C188 -> EMR20222 | E188: 44602 | F188: 0.515 | G188: 44630 | H188: 0.0209 | I188: 0 | J188: 0 | K188: =IF(YEAR(E188)=YEAR(E189),YEAR(E188),0) -> 0 | L188: =IF(K188=0,K187,0) -> 2022 | M188: =A188&L188 -> EMR2022 | N188: =F188 -> 0.515 | O188: =H188 -> 0.0209 | P188: =IF(S188>0,SUM(O188:O191)/4,0) -> 0 | Q188: =IF(K188=0,IF(A185=A188,AVERAGE(O185:O188),"x"),0) -> x | R188: =IF(L188>2005,AVERAGE(O185:O204),0) -> 0.025645 | S188: =IF(A188=A189,(N188-N189)/N189,0) -> 0 | T188: =IF(L188>2005,(((N188-N208)/N208)+1)^(1/5)-1,0) -> 0.014175695 | U188: =IF(T188>0,R188+T188,0) -> 0.039820695 | V188: =IF(U188>0,(1+T188)*(1-((1+T188)/(1+U188))^5)/(U188-T188),0) -> 4.6419988 | W188: =IF(A188=A189,N188-N189,0) -> 0 | X188: =IF(A188=A189,(N188-N189)/N189,0) -> 0
A189: EMR | B189: =YEAR(E189) -> 2021 | C189: =MONTH(E189) -> 11 | D189: =A189&B189&C189 -> EMR202111 | E189: 44510 | F189: 0.515 | G189: 44540 | H189: 0.0211 | I189: 0.01980198 | J189: 0.01 | K189: =IF(YEAR(E189)=YEAR(E190),YEAR(E189),0) -> 2021 | L189: =IF(K189=0,K188,0) -> 0 | M189: =A189&L189 -> EMR0 | N189: =F189 -> 0.515 | O189: =H189 -> 0.0211 | P189: =IF(S189>0,SUM(O189:O192)/4,0) -> 0.02145 | Q189: =IF(K189=0,IF(A186=A189,AVERAGE(O186:O189),"x"),0) -> 0 | R189: =IF(L189>2005,AVERAGE(O186:O205),0) -> 0 | S189: =IF(A189=A190,(N189-N190)/N190,0) -> 0.01980198 | T189: =IF(L189>2005,(((N189-N209)/N209)+1)^(1/5)-1,0) -> 0 | U189: =IF(T189>0,R189+T189,0) -> 0 | V189: =IF(U189>0,(1+T189)*(1-((1+T189)/(1+U189))^5)/(U189-T189),0) -> 0 | W189: =IF(A189=A190,N189-N190,0) -> 0.01 | X189: =IF(A189=A190,(N189-N190)/N190,0) -> 0.01980198
A190: EMR | B190: =YEAR(E190) -> 2021 | C190: =MONTH(E190) -> 8 | D190: =A190&B190&C190 -> EMR20218 | E190: 44420 | F190: 0.505 | G190: 44449 | H190: 0.0194 | I190: 0 | J190: 0 | K190: =IF(YEAR(E190)=YEAR(E191),YEAR(E190),0) -> 2021 | L190: =IF(K190=0,K189,0) -> 0 | M190: =A190&L190 -> EMR0 | N190: =F190 -> 0.505 | O190: =H190 -> 0.0194 | P190: =IF(S190>0,SUM(O190:O193)/4,0) -> 0 | Q190: =IF(K190=0,IF(A187=A190,AVERAGE(O187:O190),"x"),0) -> 0 | R190: =IF(L190>2005,AVERAGE(O187:O206),0) -> 0 | S190: =IF(A190=A191,(N190-N191)/N191,0) -> 0 | T190: =IF(L190>2005,(((N190-N210)/N210)+1)^(1/5)-1,0) -> 0 | U190: =IF(T190>0,R190+T190,0) -> 0 | V190: =IF(U190>0,(1+T190)*(1-((1+T190)/(1+U190))^5)/(U190-T190),0) -> 0 | W190: =IF(A190=A191,N190-N191,0) -> 0 | X190: =IF(A190=A191,(N190-N191)/N191,0) -> 0
A191: EMR | B191: =YEAR(E191) -> 2021 | C191: =MONTH(E191) -> 5 | D191: =A191&B191&C191 -> EMR20215 | E191: 44329 | F191: 0.505 | G191: 44357 | H191: 0.0216 | I191: 0 | J191: 0 | K191: =IF(YEAR(E191)=YEAR(E192),YEAR(E191),0) -> 2021 | L191: =IF(K191=0,K190,0) -> 0 | M191: =A191&L191 -> EMR0 | N191: =F191 -> 0.505 | O191: =H191 -> 0.0216 | P191: =IF(S191>0,SUM(O191:O194)/4,0) -> 0 | Q191: =IF(K191=0,IF(A188=A191,AVERAGE(O188:O191),"x"),0) -> 0 | R191: =IF(L191>2005,AVERAGE(O188:O207),0) -> 0 | S191: =IF(A191=A192,(N191-N192)/N192,0) -> 0 | T191: =IF(L191>2005,(((N191-N211)/N211)+1)^(1/5)-1,0) -> 0 | U191: =IF(T191>0,R191+T191,0) -> 0 | V191: =IF(U191>0,(1+T191)*(1-((1+T191)/(1+U191))^5)/(U191-T191),0) -> 0 | W191: =IF(A191=A192,N191-N192,0) -> 0 | X191: =IF(A191=A192,(N191-N192)/N192,0) -> 0
A192: EMR | B192: =YEAR(E192) -> 2021 | C192: =MONTH(E192) -> 2 | D192: =A192&B192&C192 -> EMR20212 | E192: 44238 | F192: 0.505 | G192: 44265 | H192: 0.0237 | I192: 0 | J192: 0 | K192: =IF(YEAR(E192)=YEAR(E193),YEAR(E192),0) -> 0 | L192: =IF(K192=0,K191,0) -> 2021 | M192: =A192&L192 -> EMR2021 | N192: =F192 -> 0.505 | O192: =H192 -> 0.0237 | P192: =IF(S192>0,SUM(O192:O195)/4,0) -> 0 | Q192: =IF(K192=0,IF(A189=A192,AVERAGE(O189:O192),"x"),0) -> 0.02145 | R192: =IF(L192>2005,AVERAGE(O189:O208),0) -> 0.02812 | S192: =IF(A192=A193,(N192-N193)/N193,0) -> 0 | T192: =IF(L192>2005,(((N192-N212)/N212)+1)^(1/5)-1,0) -> 0.012324048 | U192: =IF(T192>0,R192+T192,0) -> 0.040444048 | V192: =IF(U192>0,(1+T192)*(1-((1+T192)/(1+U192))^5)/(U192-T192),0) -> 4.6089123 | W192: =IF(A192=A193,N192-N193,0) -> 0 | X192: =IF(A192=A193,(N192-N193)/N193,0) -> 0
A193: EMR | B193: =YEAR(E193) -> 2020 | C193: =MONTH(E193) -> 11 | D193: =A193&B193&C193 -> EMR202011 | E193: 44147 | F193: 0.505 | G193: 44175 | H193: 0.027 | I193: 0.01 | J193: 0.005 | K193: =IF(YEAR(E193)=YEAR(E194),YEAR(E193),0) -> 2020 | L193: =IF(K193=0,K192,0) -> 0 | M193: =A193&L193 -> EMR0 | N193: =F193 -> 0.505 | O193: =H193 -> 0.027 | P193: =IF(S193>0,SUM(O193:O196)/4,0) -> 0.029975 | Q193: =IF(K193=0,IF(A190=A193,AVERAGE(O190:O193),"x"),0) -> 0 | R193: =IF(L193>2005,AVERAGE(O190:O209),0) -> 0 | S193: =IF(A193=A194,(N193-N194)/N194,0) -> 0.01 | T193: =IF(L193>2005,(((N193-N213)/N213)+1)^(1/5)-1,0) -> 0 | U193: =IF(T193>0,R193+T193,0) -> 0 | V193: =IF(U193>0,(1+T193)*(1-((1+T193)/(1+U193))^5)/(U193-T193),0) -> 0 | W193: =IF(A193=A194,N193-N194,0) -> 0.005 | X193: =IF(A193=A194,(N193-N194)/N194,0) -> 0.01
A194: EMR | B194: =YEAR(E194) -> 2020 | C194: =MONTH(E194) -> 8 | D194: =A194&B194&C194 -> EMR20208 | E194: 44056 | F194: 0.5 | G194: 44084 | H194: 0.0279 | I194: 0 | J194: 0 | K194: =IF(YEAR(E194)=YEAR(E195),YEAR(E194),0) -> 2020 | L194: =IF(K194=0,K193,0) -> 0 | M194: =A194&L194 -> EMR0 | N194: =F194 -> 0.5 | O194: =H194 -> 0.0279 | P194: =IF(S194>0,SUM(O194:O197)/4,0) -> 0 | Q194: =IF(K194=0,IF(A191=A194,AVERAGE(O191:O194),"x"),0) -> 0 | R194: =IF(L194>2005,AVERAGE(O191:O210),0) -> 0 | S194: =IF(A194=A195,(N194-N195)/N195,0) -> 0 | T194: =IF(L194>2005,(((N194-N214)/N214)+1)^(1/5)-1,0) -> 0 | U194: =IF(T194>0,R194+T194,0) -> 0 | V194: =IF(U194>0,(1+T194)*(1-((1+T194)/(1+U194))^5)/(U194-T194),0) -> 0 | W194: =IF(A194=A195,N194-N195,0) -> 0 | X194: =IF(A194=A195,(N194-N195)/N195,0) -> 0
A195: EMR | B195: =YEAR(E195) -> 2020 | C195: =MONTH(E195) -> 5 | D195: =A195&B195&C195 -> EMR20205 | E195: 43965 | F195: 0.5 | G195: 43992 | H195: 0.0385 | I195: 0 | J195: 0 | K195: =IF(YEAR(E195)=YEAR(E196),YEAR(E195),0) -> 2020 | L195: =IF(K195=0,K194,0) -> 0 | M195: =A195&L195 -> EMR0 | N195: =F195 -> 0.5 | O195: =H195 -> 0.0385 | P195: =IF(S195>0,SUM(O195:O198)/4,0) -> 0 | Q195: =IF(K195=0,IF(A192=A195,AVERAGE(O192:O195),"x"),0) -> 0 | R195: =IF(L195>2005,AVERAGE(O192:O211),0) -> 0 | S195: =IF(A195=A196,(N195-N196)/N196,0) -> 0 | T195: =IF(L195>2005,(((N195-N215)/N215)+1)^(1/5)-1,0) -> 0 | U195: =IF(T195>0,R195+T195,0) -> 0 | V195: =IF(U195>0,(1+T195)*(1-((1+T195)/(1+U195))^5)/(U195-T195),0) -> 0 | W195: =IF(A195=A196,N195-N196,0) -> 0 | X195: =IF(A195=A196,(N195-N196)/N196,0) -> 0
A196: EMR | B196: =YEAR(E196) -> 2020 | C196: =MONTH(E196) -> 2 | D196: =A196&B196&C196 -> EMR20202 | E196: 43874 | F196: 0.5 | G196: 43900 | H196: 0.0265 | I196: 0 | J196: 0 | K196: =IF(YEAR(E196)=YEAR(E197),YEAR(E196),0) -> 0 | L196: =IF(K196=0,K195,0) -> 2020 | M196: =A196&L196 -> EMR2020 | N196: =F196 -> 0.5 | O196: =H196 -> 0.0265 | P196: =IF(S196>0,SUM(O196:O199)/4,0) -> 0 | Q196: =IF(K196=0,IF(A193=A196,AVERAGE(O193:O196),"x"),0) -> 0.029975 | R196: =IF(L196>2005,AVERAGE(O193:O212),0) -> 0.031285 | S196: =IF(A196=A197,(N196-N197)/N197,0) -> 0 | T196: =IF(L196>2005,(((N196-N216)/N216)+1)^(1/5)-1,0) -> 0.012451969 | U196: =IF(T196>0,R196+T196,0) -> 0.043736969 | V196: =IF(U196>0,(1+T196)*(1-((1+T196)/(1+U196))^5)/(U196-T196),0) -> 4.5679593 | W196: =IF(A196=A197,N196-N197,0) -> 0 | X196: =IF(A196=A197,(N196-N197)/N197,0) -> 0
A197: EMR | B197: =YEAR(E197) -> 2019 | C197: =MONTH(E197) -> 11 | D197: =A197&B197&C197 -> EMR201911 | E197: 43783 | F197: 0.5 | G197: 43809 | H197: 0.0272 | I197: 0.020408163 | J197: 0.01 | K197: =IF(YEAR(E197)=YEAR(E198),YEAR(E197),0) -> 2019 | L197: =IF(K197=0,K196,0) -> 0 | M197: =A197&L197 -> EMR0 | N197: =F197 -> 0.5 | O197: =H197 -> 0.0272 | P197: =IF(S197>0,SUM(O197:O200)/4,0) -> 0.030025 | Q197: =IF(K197=0,IF(A194=A197,AVERAGE(O194:O197),"x"),0) -> 0 | R197: =IF(L197>2005,AVERAGE(O194:O213),0) -> 0 | S197: =IF(A197=A198,(N197-N198)/N198,0) -> 0.020408163 | T197: =IF(L197>2005,(((N197-N217)/N217)+1)^(1/5)-1,0) -> 0 | U197: =IF(T197>0,R197+T197,0) -> 0 | V197: =IF(U197>0,(1+T197)*(1-((1+T197)/(1+U197))^5)/(U197-T197),0) -> 0 | W197: =IF(A197=A198,N197-N198,0) -> 0.01 | X197: =IF(A197=A198,(N197-N198)/N198,0) -> 0.020408163
... A248: EMR | B248: =YEAR(E248) -> 2007 | C248: =MONTH(E248) -> 2 | D248: =A248&B248&C248 -> EMR20072 | E248: 39127 | F248: 0.2625 | G248: 39150 | H248: 0.0217 | I248: -0.5 | J248: -0.2625 | K248: =IF(YEAR(E248)=YEAR(E249),YEAR(E248),0) -> 0 | L248: =IF(K248=0,K247,0) -> 2007 | M248: =A248&L248 -> EMR2007 | N248: =F248 -> 0.2625 | O248: =H248 -> 0.0217 | P248: =IF(S248>0,SUM(O248:O251)/4,0) -> 0 | Q248: =IF(K248=0,IF(A245=A248,AVERAGE(O245:O248),"x"),0) -> 0.0213 | R248: =IF(L248>2005,AVERAGE(O245:O264),0) -> 0.024475 | S248: =IF(A248=A249,(N248-N249)/N249,0) -> 0 | T248: =IF(L248>2005,(((N248-N268)/N268)+1)^(1/5)-1,0) -> 0.062618859 | U248: =IF(T248>0,R248+T248,0) -> 0.087093859 | V248: =IF(U248>0,(1+T248)*(1-((1+T248)/(1+U248))^5)/(U248-T248),0) -> 4.6722558 | W248: =IF(A248=A249,N248-N249,0) -> 0 | X248: =IF(A248=A249,(N248-N249)/N249,0) -> 0
A249: EMR | B249: =YEAR(E249) -> 2006 | C249: =MONTH(E249) -> 11 | D249: =A249&B249&C249 -> EMR200611 | E249: 39036 | F249: 0.525 | G249: 39062 | H249: 0.0212 | I249: 0.17977528 | J249: 0.08 | K249: =IF(YEAR(E249)=YEAR(E250),YEAR(E249),0) -> 2006 | L249: =IF(K249=0,K248,0) -> 0 | M249: =A249&L249 -> EMR0 | N249: =F249/2 -> 0.2625 | O249: =H249 -> 0.0212 | P249: =IF(S249>0,SUM(O249:O252)/4,0) -> 0.021 | Q249: =IF(K249=0,IF(A246=A249,AVERAGE(O246:O249),"x"),0) -> 0 | R249: =IF(L249>2005,AVERAGE(O246:O265),0) -> 0 | S249: =IF(A249=A250,(N249-N250)/N250,0) -> 0.17977528 | T249: =IF(L249>2005,(((N249-N269)/N269)+1)^(1/5)-1,0) -> 0 | U249: =IF(T249>0,R249+T249,0) -> 0 | V249: =IF(U249>0,(1+T249)*(1-((1+T249)/(1+U249))^5)/(U249-T249),0) -> 0 | W249: =IF(A249=A250,N249-N250,0) -> 0.04 | X249: =IF(A249=A250,(N249-N250)/N250,0) -> 0.17977528
A250: EMR | B250: =YEAR(E250) -> 2006 | C250: =MONTH(E250) -> 8 | D250: =A250&B250&C250 -> EMR20068 | E250: 38938 | F250: 0.445 | G250: 38971 | H250: 0.0224 | I250: 0 | J250: 0 | K250: =IF(YEAR(E250)=YEAR(E251),YEAR(E250),0) -> 2006 | L250: =IF(K250=0,K249,0) -> 0 | M250: =A250&L250 -> EMR0 | N250: =F250/2 -> 0.2225 | O250: =H250 -> 0.0224 | P250: =IF(S250>0,SUM(O250:O253)/4,0) -> 0 | Q250: =IF(K250=0,IF(A247=A250,AVERAGE(O247:O250),"x"),0) -> 0 | R250: =IF(L250>2005,AVERAGE(O247:O266),0) -> 0 | S250: =IF(A250=A251,(N250-N251)/N251,0) -> 0 | T250: =IF(L250>2005,(((N250-N270)/N270)+1)^(1/5)-1,0) -> 0 | U250: =IF(T250>0,R250+T250,0) -> 0 | V250: =IF(U250>0,(1+T250)*(1-((1+T250)/(1+U250))^5)/(U250-T250),0) -> 0 | W250: =IF(A250=A251,N250-N251,0) -> 0 | X250: =IF(A250=A251,(N250-N251)/N251,0) -> 0
A251: EMR | B251: =YEAR(E251) -> 2006 | C251: =MONTH(E251) -> 5 | D251: =A251&B251&C251 -> EMR20065 | E251: 38847 | F251: 0.445 | G251: 38877 | H251: 0.02 | I251: 0 | J251: 0 | K251: =IF(YEAR(E251)=YEAR(E252),YEAR(E251),0) -> 2006 | L251: =IF(K251=0,K250,0) -> 0 | M251: =A251&L251 -> EMR0 | N251: =F251/2 -> 0.2225 | O251: =H251 -> 0.02 | P251: =IF(S251>0,SUM(O251:O254)/4,0) -> 0 | Q251: =IF(K251=0,IF(A248=A251,AVERAGE(O248:O251),"x"),0) -> 0 | R251: =IF(L251>2005,AVERAGE(O248:O267),0) -> 0 | S251: =IF(A251=A252,(N251-N252)/N252,0) -> 0 | T251: =IF(L251>2005,(((N251-N271)/N271)+1)^(1/5)-1,0) -> 0 | U251: =IF(T251>0,R251+T251,0) -> 0 | V251: =IF(U251>0,(1+T251)*(1-((1+T251)/(1+U251))^5)/(U251-T251),0) -> 0 | W251: =IF(A251=A252,N251-N252,0) -> 0 | X251: =IF(A251=A252,(N251-N252)/N252,0) -> 0
A252: EMR | B252: =YEAR(E252) -> 2006 | C252: =MONTH(E252) -> 2 | D252: =A252&B252&C252 -> EMR20062 | E252: 38763 | F252: 0.445 | G252: 38786 | H252: 0.0204 | I252: 0 | J252: 0 | K252: =IF(YEAR(E252)=YEAR(E253),YEAR(E252),0) -> 0 | L252: =IF(K252=0,K251,0) -> 2006 | M252: =A252&L252 -> EMR2006 | N252: =F252/2 -> 0.2225 | O252: =H252 -> 0.0204 | P252: =IF(S252>0,SUM(O252:O255)/4,0) -> 0 | Q252: =IF(K252=0,IF(A249=A252,AVERAGE(O249:O252),"x"),0) -> 0.021 | R252: =IF(L252>2005,AVERAGE(O249:O268),0) -> 0.026055 | S252: =IF(A252=A253,(N252-N253)/N253,0) -> 0 | T252: =IF(L252>2005,(((N252-N272)/N272)+1)^(1/5)-1,0) -> 0.030731893 | U252: =IF(T252>0,R252+T252,0) -> 0.056786893 | V252: =IF(U252>0,(1+T252)*(1-((1+T252)/(1+U252))^5)/(U252-T252),0) -> 4.6421109 | W252: =IF(A252=A253,N252-N253,0) -> 0 | X252: =IF(A252=A253,(N252-N253)/N253,0) -> 0
A253: EMR | B253: =YEAR(E253) -> 2005 | C253: =MONTH(E253) -> 11 | D253: =A253&B253&C253 -> EMR200511 | E253: 38664 | F253: 0.445 | G253: 38695 | H253: 0.0238 | I253: 0.072289157 | J253: 0.03 | K253: =IF(YEAR(E253)=YEAR(E254),YEAR(E253),0) -> 2005 | L253: =IF(K253=0,K252,0) -> 0 | M253: =A253&L253 -> EMR0 | N253: =F253/2 -> 0.2225 | O253: =H253 -> 0.0238 | P253: =IF(S253>0,SUM(O253:O256)/4,0) -> 0.0241 | Q253: =IF(K253=0,IF(A250=A253,AVERAGE(O250:O253),"x"),0) -> 0 | R253: =IF(L253>2005,AVERAGE(O250:O269),0) -> 0 | S253: =IF(A253=A254,(N253-N254)/N254,0) -> 0.072289157 | T253: =IF(L253>2005,(((N253-N273)/N273)+1)^(1/5)-1,0) -> 0 | U253: =IF(T253>0,R253+T253,0) -> 0 | V253: =IF(U253>0,(1+T253)*(1-((1+T253)/(1+U253))^5)/(U253-T253),0) -> 0 | W253: =IF(A253=A254,N253-N254,0) -> 0.015 | X253: =IF(A253=A254,(N253-N254)/N254,0) -> 0.072289157
A254: EMR | B254: =YEAR(E254) -> 2005 | C254: =MONTH(E254) -> 8 | D254: =A254&B254&C254 -> EMR20058 | E254: 38574 | F254: 0.415 | G254: 38604 | H254: 0.0242 | I254: 0 | J254: 0 | K254: =IF(YEAR(E254)=YEAR(E255),YEAR(E254),0) -> 2005 | L254: =IF(K254=0,K253,0) -> 0 | M254: =A254&L254 -> EMR0 | N254: =F254/2 -> 0.2075 | O254: =H254 -> 0.0242 | P254: =IF(S254>0,SUM(O254:O257)/4,0) -> 0 | Q254: =IF(K254=0,IF(A251=A254,AVERAGE(O251:O254),"x"),0) -> 0 | R254: =IF(L254>2005,AVERAGE(O251:O270),0) -> 0 | S254: =IF(A254=A255,(N254-N255)/N255,0) -> 0 | T254: =IF(L254>2005,(((N254-N274)/N274)+1)^(1/5)-1,0) -> 0 | U254: =IF(T254>0,R254+T254,0) -> 0 | V254: =IF(U254>0,(1+T254)*(1-((1+T254)/(1+U254))^5)/(U254-T254),0) -> 0 | W254: =IF(A254=A255,N254-N255,0) -> 0 | X254: =IF(A254=A255,(N254-N255)/N255,0) -> 0
A255: EMR | B255: =YEAR(E255) -> 2005 | C255: =MONTH(E255) -> 5 | D255: =A255&B255&C255 -> EMR20055 | E255: 38483 | F255: 0.415 | G255: 38513 | H255: 0.0247 | I255: 0 | J255: 0 | K255: =IF(YEAR(E255)=YEAR(E256),YEAR(E255),0) -> 2005 | L255: =IF(K255=0,K254,0) -> 0 | M255: =A255&L255 -> EMR0 | N255: =F255/2 -> 0.2075 | O255: =H255 -> 0.0247 | P255: =IF(S255>0,SUM(O255:O258)/4,0) -> 0 | Q255: =IF(K255=0,IF(A252=A255,AVERAGE(O252:O255),"x"),0) -> 0 | R255: =IF(L255>2005,AVERAGE(O252:O271),0) -> 0 | S255: =IF(A255=A256,(N255-N256)/N256,0) -> 0 | T255: =IF(L255>2005,(((N255-N275)/N275)+1)^(1/5)-1,0) -> 0 | U255: =IF(T255>0,R255+T255,0) -> 0 | V255: =IF(U255>0,(1+T255)*(1-((1+T255)/(1+U255))^5)/(U255-T255),0) -> 0 | W255: =IF(A255=A256,N255-N256,0) -> 0 | X255: =IF(A255=A256,(N255-N256)/N256,0) -> 0
A256: EMR | B256: =YEAR(E256) -> 2005 | C256: =MONTH(E256) -> 2 | D256: =A256&B256&C256 -> EMR20052 | E256: 38392 | F256: 0.415 | G256: 38421 | H256: 0.0237 | I256: 0 | J256: 0 | K256: =IF(YEAR(E256)=YEAR(E257),YEAR(E256),0) -> 0 | L256: =IF(K256=0,K255,0) -> 2005 | M256: =A256&L256 -> EMR2005 | N256: =F256/2 -> 0.2075 | O256: =H256 -> 0.0237 | P256: =IF(S256>0,SUM(O256:O259)/4,0) -> 0 | Q256: =IF(K256=0,IF(A253=A256,AVERAGE(O253:O256),"x"),0) -> 0.0241 | R256: =IF(L256>2005,AVERAGE(O253:O272),0) -> 0 | S256: =IF(A256=A257,(N256-N257)/N257,0) -> 0 | T256: =IF(L256>2005,(((N256-N276)/N276)+1)^(1/5)-1,0) -> 0 | U256: =IF(T256>0,R256+T256,0) -> 0 | V256: =IF(U256>0,(1+T256)*(1-((1+T256)/(1+U256))^5)/(U256-T256),0) -> 0 | W256: =IF(A256=A257,N256-N257,0) -> 0 | X256: =IF(A256=A257,(N256-N257)/N257,0) -> 0
A257: EMR | B257: =YEAR(E257) -> 2004 | C257: =MONTH(E257) -> 11 | D257: =A257&B257&C257 -> EMR200411 | E257: 38300 | F257: 0.415 | G257: 38331 | H257: 0.0238 | I257: 0.0375 | J257: 0.015 | K257: =IF(YEAR(E257)=YEAR(E258),YEAR(E257),0) -> 2004 | L257: =IF(K257=0,K256,0) -> 0 | M257: =A257&L257 -> EMR0 | N257: =F257/2 -> 0.2075 | O257: =H257 -> 0.0238 | P257: =IF(S257>0,SUM(O257:O260)/4,0) -> 0.0255 | Q257: =IF(K257=0,IF(A254=A257,AVERAGE(O254:O257),"x"),0) -> 0 | R257: =IF(L257>2005,AVERAGE(O254:O273),0) -> 0 | S257: =IF(A257=A258,(N257-N258)/N258,0) -> 0.0375 | T257: =IF(L257>2005,(((N257-N277)/N277)+1)^(1/5)-1,0) -> 0 | U257: =IF(T257>0,R257+T257,0) -> 0 | V257: =IF(U257>0,(1+T257)*(1-((1+T257)/(1+U257))^5)/(U257-T257),0) -> 0 | W257: =IF(A257=A258,N257-N258,0) -> 0.0075 | X257: =IF(A257=A258,(N257-N258)/N258,0) -> 0.0375
A258: EMR | B258: =YEAR(E258) -> 2004 | C258: =MONTH(E258) -> 8 | D258: =A258&B258&C258 -> EMR20048 | E258: 38210 | F258: 0.4 | G258: 38240 | H258: 0.0261 | I258: 0 | J258: 0 | K258: =IF(YEAR(E258)=YEAR(E259),YEAR(E258),0) -> 2004 | L258: =IF(K258=0,K257,0) -> 0 | M258: =A258&L258 -> EMR0 | N258: =F258/2 -> 0.2 | O258: =H258 -> 0.0261 | P258: =IF(S258>0,SUM(O258:O261)/4,0) -> 0 | Q258: =IF(K258=0,IF(A255=A258,AVERAGE(O255:O258),"x"),0) -> 0 | R258: =IF(L258>2005,AVERAGE(O255:O274),0) -> 0 | S258: =IF(A258=A259,(N258-N259)/N259,0) -> 0 | T258: =IF(L258>2005,(((N258-N278)/N278)+1)^(1/5)-1,0) -> 0 | U258: =IF(T258>0,R258+T258,0) -> 0 | V258: =IF(U258>0,(1+T258)*(1-((1+T258)/(1+U258))^5)/(U258-T258),0) -> 0 | W258: =IF(A258=A259,N258-N259,0) -> 0 | X258: =IF(A258=A259,(N258-N259)/N259,0) -> 0
...

Sheet 성장률
A1: 연도 | B1: 월 | C1: WBA | D1: LEG | E1: BEN | F1: SWK | G1: XOM | H1: CVX | I1: BKH | J1: NFG | K1: CAT | L1: TGT | M1: ITW | N1: EMR | O1: APD | P1: PG | Q1: JNJ | R1: ATO | S1: GPC | T1: GD | U1: AOS | V1: HRL | W1: LOW | X1: PPG | Y1: PH | Z1: ABM | AA1: ADM | AB1: ABT | AC1: CWT | AD1: ADP | AE1: TNC | AF1: DOV
A2: 2022 | B2: 1 | C2: =VLOOKUP(C$1&$A2,배당편집!$M$2:$T$2710,8,FALSE) -> 0.049514448 | D2: =VLOOKUP(D$1&$A2,배당편집!$M$2:$T$2710,8,FALSE) -> 0.043167564 | E2: =VLOOKUP(E$1&$A2,배당편집!$M$2:$T$2710,8,FALSE) -> 0.077143588 | F2: =VLOOKUP(F$1&$A2,배당편집!$M$2:$T$2710,8,FALSE) -> 0.063750604 | G2: =VLOOKUP(G$1&$A2,배당편집!$M$2:$T$2710,8,FALSE) -> 0.032486262 | H2: =VLOOKUP(H$1&$A2,배당편집!$M$2:$T$2710,8,FALSE) -> 0.056265069 | I2: =VLOOKUP(I$1&$A2,배당편집!$M$2:$T$2710,8,FALSE) -> 0.059818243 | J2: =VLOOKUP(J$1&$A2,배당편집!$M$2:$T$2710,8,FALSE) -> 0.023555213 | ... AF2: =VLOOKUP(AF$1&$A2,배당편집!$M$2:$T$2710,8,FALSE) -> 0.025896305
A3: 2022 | B3: 2 | C3: =VLOOKUP(C$1&$A3,배당편집!$M$2:$T$2710,8,FALSE) -> 0.049514448 | D3: =VLOOKUP(D$1&$A3,배당편집!$M$2:$T$2710,8,FALSE) -> 0.043167564 | E3: =VLOOKUP(E$1&$A3,배당편집!$M$2:$T$2710,8,FALSE) -> 0.077143588 | F3: =VLOOKUP(F$1&$A3,배당편집!$M$2:$T$2710,8,FALSE) -> 0.063750604 | G3: =VLOOKUP(G$1&$A3,배당편집!$M$2:$T$2710,8,FALSE) -> 0.032486262 | H3: =VLOOKUP(H$1&$A3,배당편집!$M$2:$T$2710,8,FALSE) -> 0.056265069 | I3: =VLOOKUP(I$1&$A3,배당편집!$M$2:$T$2710,8,FALSE) -> 0.059818243 | J3: =VLOOKUP(J$1&$A3,배당편집!$M$2:$T$2710,8,FALSE) -> 0.023555213 | ... AF3: =VLOOKUP(AF$1&$A3,배당편집!$M$2:$T$2710,8,FALSE) -> 0.025896305
A4: 2022 | B4: 3 | C4: =VLOOKUP(C$1&$A4,배당편집!$M$2:$T$2710,8,FALSE) -> 0.049514448 | D4: =VLOOKUP(D$1&$A4,배당편집!$M$2:$T$2710,8,FALSE) -> 0.043167564 | E4: =VLOOKUP(E$1&$A4,배당편집!$M$2:$T$2710,8,FALSE) -> 0.077143588 | F4: =VLOOKUP(F$1&$A4,배당편집!$M$2:$T$2710,8,FALSE) -> 0.063750604 | G4: =VLOOKUP(G$1&$A4,배당편집!$M$2:$T$2710,8,FALSE) -> 0.032486262 | H4: =VLOOKUP(H$1&$A4,배당편집!$M$2:$T$2710,8,FALSE) -> 0.056265069 | I4: =VLOOKUP(I$1&$A4,배당편집!$M$2:$T$2710,8,FALSE) -> 0.059818243 | J4: =VLOOKUP(J$1&$A4,배당편집!$M$2:$T$2710,8,FALSE) -> 0.023555213 | ... AF4: =VLOOKUP(AF$1&$A4,배당편집!$M$2:$T$2710,8,FALSE) -> 0.025896305
A5: 2022 | B5: 4 | C5: =VLOOKUP(C$1&$A5,배당편집!$M$2:$T$2710,8,FALSE) -> 0.049514448 | D5: =VLOOKUP(D$1&$A5,배당편집!$M$2:$T$2710,8,FALSE) -> 0.043167564 | E5: =VLOOKUP(E$1&$A5,배당편집!$M$2:$T$2710,8,FALSE) -> 0.077143588 | F5: =VLOOKUP(F$1&$A5,배당편집!$M$2:$T$2710,8,FALSE) -> 0.063750604 | G5: =VLOOKUP(G$1&$A5,배당편집!$M$2:$T$2710,8,FALSE) -> 0.032486262 | H5: =VLOOKUP(H$1&$A5,배당편집!$M$2:$T$2710,8,FALSE) -> 0.056265069 | I5: =VLOOKUP(I$1&$A5,배당편집!$M$2:$T$2710,8,FALSE) -> 0.059818243 | J5: =VLOOKUP(J$1&$A5,배당편집!$M$2:$T$2710,8,FALSE) -> 0.023555213 | ... AF5: =VLOOKUP(AF$1&$A5,배당편집!$M$2:$T$2710,8,FALSE) -> 0.025896305
A6: 2022 | B6: 5 | C6: =VLOOKUP(C$1&$A6,배당편집!$M$2:$T$2710,8,FALSE) -> 0.049514448 | D6: =VLOOKUP(D$1&$A6,배당편집!$M$2:$T$2710,8,FALSE) -> 0.043167564 | E6: =VLOOKUP(E$1&$A6,배당편집!$M$2:$T$2710,8,FALSE) -> 0.077143588 | F6: =VLOOKUP(F$1&$A6,배당편집!$M$2:$T$2710,8,FALSE) -> 0.063750604 | G6: =VLOOKUP(G$1&$A6,배당편집!$M$2:$T$2710,8,FALSE) -> 0.032486262 | H6: =VLOOKUP(H$1&$A6,배당편집!$M$2:$T$2710,8,FALSE) -> 0.056265069 | I6: =VLOOKUP(I$1&$A6,배당편집!$M$2:$T$2710,8,FALSE) -> 0.059818243 | J6: =VLOOKUP(J$1&$A6,배당편집!$M$2:$T$2710,8,FALSE) -> 0.023555213 | ... AF6: =VLOOKUP(AF$1&$A6,배당편집!$M$2:$T$2710,8,FALSE) -> 0.025896305
A7: 2022 | B7: 6 | C7: =VLOOKUP(C$1&$A7,배당편집!$M$2:$T$2710,8,FALSE) -> 0.049514448 | D7: =VLOOKUP(D$1&$A7,배당편집!$M$2:$T$2710,8,FALSE) -> 0.043167564 | E7: =VLOOKUP(E$1&$A7,배당편집!$M$2:$T$2710,8,FALSE) -> 0.077143588 | F7: =VLOOKUP(F$1&$A7,배당편집!$M$2:$T$2710,8,FALSE) -> 0.063750604 | G7: =VLOOKUP(G$1&$A7,배당편집!$M$2:$T$2710,8,FALSE) -> 0.032486262 | H7: =VLOOKUP(H$1&$A7,배당편집!$M$2:$T$2710,8,FALSE) -> 0.056265069 | I7: =VLOOKUP(I$1&$A7,배당편집!$M$2:$T$2710,8,FALSE) -> 0.059818243 | J7: =VLOOKUP(J$1&$A7,배당편집!$M$2:$T$2710,8,FALSE) -> 0.023555213 | ... AF7: =VLOOKUP(AF$1&$A7,배당편집!$M$2:$T$2710,8,FALSE) -> 0.025896305
A8: 2022 | B8: 7 | C8: =VLOOKUP(C$1&$A8,배당편집!$M$2:$T$2710,8,FALSE) -> 0.049514448 | D8: =VLOOKUP(D$1&$A8,배당편집!$M$2:$T$2710,8,FALSE) -> 0.043167564 | E8: =VLOOKUP(E$1&$A8,배당편집!$M$2:$T$2710,8,FALSE) -> 0.077143588 | F8: =VLOOKUP(F$1&$A8,배당편집!$M$2:$T$2710,8,FALSE) -> 0.063750604 | G8: =VLOOKUP(G$1&$A8,배당편집!$M$2:$T$2710,8,FALSE) -> 0.032486262 | H8: =VLOOKUP(H$1&$A8,배당편집!$M$2:$T$2710,8,FALSE) -> 0.056265069 | I8: =VLOOKUP(I$1&$A8,배당편집!$M$2:$T$2710,8,FALSE) -> 0.059818243 | J8: =VLOOKUP(J$1&$A8,배당편집!$M$2:$T$2710,8,FALSE) -> 0.023555213 | ... AF8: =VLOOKUP(AF$1&$A8,배당편집!$M$2:$T$2710,8,FALSE) -> 0.025896305
A9: 2022 | B9: 8 | C9: =VLOOKUP(C$1&$A9,배당편집!$M$2:$T$2710,8,FALSE) -> 0.049514448 | D9: =VLOOKUP(D$1&$A9,배당편집!$M$2:$T$2710,8,FALSE) -> 0.043167564 | E9: =VLOOKUP(E$1&$A9,배당편집!$M$2:$T$2710,8,FALSE) -> 0.077143588 | F9: =VLOOKUP(F$1&$A9,배당편집!$M$2:$T$2710,8,FALSE) -> 0.063750604 | G9: =VLOOKUP(G$1&$A9,배당편집!$M$2:$T$2710,8,FALSE) -> 0.032486262 | H9: =VLOOKUP(H$1&$A9,배당편집!$M$2:$T$2710,8,FALSE) -> 0.056265069 | I9: =VLOOKUP(I$1&$A9,배당편집!$M$2:$T$2710,8,FALSE) -> 0.059818243 | J9: =VLOOKUP(J$1&$A9,배당편집!$M$2:$T$2710,8,FALSE) -> 0.023555213 | ... AF9: =VLOOKUP(AF$1&$A9,배당편집!$M$2:$T$2710,8,FALSE) -> 0.025896305
A10: 2022 | B10: 9 | C10: =VLOOKUP(C$1&$A10,배당편집!$M$2:$T$2710,8,FALSE) -> 0.049514448 | D10: =VLOOKUP(D$1&$A10,배당편집!$M$2:$T$2710,8,FALSE) -> 0.043167564 | E10: =VLOOKUP(E$1&$A10,배당편집!$M$2:$T$2710,8,FALSE) -> 0.077143588 | F10: =VLOOKUP(F$1&$A10,배당편집!$M$2:$T$2710,8,FALSE) -> 0.063750604 | G10: =VLOOKUP(G$1&$A10,배당편집!$M$2:$T$2710,8,FALSE) -> 0.032486262 | H10: =VLOOKUP(H$1&$A10,배당편집!$M$2:$T$2710,8,FALSE) -> 0.056265069 | I10: =VLOOKUP(I$1&$A10,배당편집!$M$2:$T$2710,8,FALSE) -> 0.059818243 | J10: =VLOOKUP(J$1&$A10,배당편집!$M$2:$T$2710,8,FALSE) -> 0.023555213 | ... AF10: =VLOOKUP(AF$1&$A10,배당편집!$M$2:$T$2710,8,FALSE) -> 0.025896305
A11: 2022 | B11: 10 | C11: =VLOOKUP(C$1&$A11,배당편집!$M$2:$T$2710,8,FALSE) -> 0.049514448 | D11: =VLOOKUP(D$1&$A11,배당편집!$M$2:$T$2710,8,FALSE) -> 0.043167564 | E11: =VLOOKUP(E$1&$A11,배당편집!$M$2:$T$2710,8,FALSE) -> 0.077143588 | F11: =VLOOKUP(F$1&$A11,배당편집!$M$2:$T$2710,8,FALSE) -> 0.063750604 | G11: =VLOOKUP(G$1&$A11,배당편집!$M$2:$T$2710,8,FALSE) -> 0.032486262 | H11: =VLOOKUP(H$1&$A11,배당편집!$M$2:$T$2710,8,FALSE) -> 0.056265069 | I11: =VLOOKUP(I$1&$A11,배당편집!$M$2:$T$2710,8,FALSE) -> 0.059818243 | J11: =VLOOKUP(J$1&$A11,배당편집!$M$2:$T$2710,8,FALSE) -> 0.023555213 | ... AF11: =VLOOKUP(AF$1&$A11,배당편집!$M$2:$T$2710,8,FALSE) -> 0.025896305
A12: 2022 | B12: 11 | C12: =VLOOKUP(C$1&$A12,배당편집!$M$2:$T$2710,8,FALSE) -> 0.049514448 | D12: =VLOOKUP(D$1&$A12,배당편집!$M$2:$T$2710,8,FALSE) -> 0.043167564 | E12: =VLOOKUP(E$1&$A12,배당편집!$M$2:$T$2710,8,FALSE) -> 0.077143588 | F12: =VLOOKUP(F$1&$A12,배당편집!$M$2:$T$2710,8,FALSE) -> 0.063750604 | G12: =VLOOKUP(G$1&$A12,배당편집!$M$2:$T$2710,8,FALSE) -> 0.032486262 | H12: =VLOOKUP(H$1&$A12,배당편집!$M$2:$T$2710,8,FALSE) -> 0.056265069 | I12: =VLOOKUP(I$1&$A12,배당편집!$M$2:$T$2710,8,FALSE) -> 0.059818243 | J12: =VLOOKUP(J$1&$A12,배당편집!$M$2:$T$2710,8,FALSE) -> 0.023555213 | ... AF12: =VLOOKUP(AF$1&$A12,배당편집!$M$2:$T$2710,8,FALSE) -> 0.025896305
A13: 2022 | B13: 12 | C13: =VLOOKUP(C$1&$A13,배당편집!$M$2:$T$2710,8,FALSE) -> 0.049514448 | D13: =VLOOKUP(D$1&$A13,배당편집!$M$2:$T$2710,8,FALSE) -> 0.043167564 | E13: =VLOOKUP(E$1&$A13,배당편집!$M$2:$T$2710,8,FALSE) -> 0.077143588 | F13: =VLOOKUP(F$1&$A13,배당편집!$M$2:$T$2710,8,FALSE) -> 0.063750604 | G13: =VLOOKUP(G$1&$A13,배당편집!$M$2:$T$2710,8,FALSE) -> 0.032486262 | H13: =VLOOKUP(H$1&$A13,배당편집!$M$2:$T$2710,8,FALSE) -> 0.056265069 | I13: =VLOOKUP(I$1&$A13,배당편집!$M$2:$T$2710,8,FALSE) -> 0.059818243 | J13: =VLOOKUP(J$1&$A13,배당편집!$M$2:$T$2710,8,FALSE) -> 0.023555213 | ... AF13: =VLOOKUP(AF$1&$A13,배당편집!$M$2:$T$2710,8,FALSE) -> 0.025896305
... A205: 2006 | B205: 12 | C205: =VLOOKUP(C$1&$A205,배당편집!$M$2:$T$2710,8,FALSE) -> 0.13179837 | D205: =VLOOKUP(D$1&$A205,배당편집!$M$2:$T$2710,8,FALSE) -> 0.059223841 | E205: =VLOOKUP(E$1&$A205,배당편집!$M$2:$T$2710,8,FALSE) -> 0.31950791 | F205: =VLOOKUP(F$1&$A205,배당편집!$M$2:$T$2710,8,FALSE) -> 0.047451764 | G205: =VLOOKUP(G$1&$A205,배당편집!$M$2:$T$2710,8,FALSE) -> 0.077818068 | H205: =VLOOKUP(H$1&$A205,배당편집!$M$2:$T$2710,8,FALSE) -> 0.067249182 | I205: =VLOOKUP(I$1&$A205,배당편집!$M$2:$T$2710,8,FALSE) -> 0.033406483 | J205: =VLOOKUP(J$1&$A205,배당편집!$M$2:$T$2710,8,FALSE) -> 0.038573773 | ... AF205: =VLOOKUP(AF$1&$A205,배당편집!$M$2:$T$2710,8,FALSE) -> 0.063427242

Sheet coeff
A1: 연도 | B1: WBA | C1: LEG | D1: BEN | E1: SWK | F1: XOM | G1: CVX | H1: BKH | I1: NFG | J1: CAT | K1: TGT | L1: ITW | M1: EMR | N1: APD | O1: PG | P1: JNJ | Q1: ATO | R1: GPC | S1: GD | T1: AOS | U1: HRL | V1: LOW | W1: PPG | X1: PH | Y1: ABM | Z1: ADM | AA1: ABT | AB1: CWT | AC1: ADP | AD1: TNC | AE1: DOV
A2: 2022 | B2: 4.5211875 | C2: 4.4865827 | D2: 4.5143405 | E2: 4.7227978 | F2: 4.3379435 | G2: 4.4353019 | H2: 4.5710162 | I2: 4.5261855 | J2: 4.6737685 | K2: 4.6878284 | L2: 4.6894805 | M2: 4.6419988 | N2: 4.7002466 | O2: 4.6359267 | P2: 4.646997 | Q2: 4.7081924 | R2: 4.6107854 | S2: 4.6927255 | T2: 4.7777203 | U2: 4.7291929 | V2: 4.7836159 | W2: 4.7716258 | X2: 4.7746079 | Y2: 4.7240782 | Z2: 4.61923 | AA2: 4.7875959 | AB2: 4.7724868 | AC2: 4.7266003 | AD2: 4.814263 | AE2: 4.7550549
A3: 2021 | B3: 4.5890231 | C3: 4.5269069 | D3: 4.5604588 | E3: 4.756236 | F3: 4.3285597 | G3: 4.4184 | H3: 4.5851129 | I3: 4.5333316 | J3: 4.6528747 | K3: 4.6230165 | L3: 4.70919 | M3: 4.6089123 | N3: 4.7003141 | O3: 4.6141386 | P3: 4.6488334 | Q3: 4.6994663 | R3: 4.5961824 | S3: 4.7066166 | T3: 4.8005452 | U3: 4.7358635 | V3: 4.7776006 | W3: 4.7800917 | X3: 4.7724104 | Y3: 4.7292922 | Z3: 4.59303 | AA3: 4.7709334 | AB3: 4.765166 | AC3: 4.7286025 | AD3: 4.8218897 | AE3: 4.737224
A4: 2020 | B4: 4.6393959 | C4: 4.5488555 | D4: 4.634775 | E4: 4.7461369 | F4: 4.3923174 | G4: 4.4362545 | H4: 4.5963606 | I4: 4.5417585 | J4: 4.6105443 | K4: 4.5796463 | L4: 4.7105327 | M4: 4.5679593 | N4: 4.6893537 | O4: 4.5929827 | P4: 4.6417989 | Q4: 4.7060607 | R4: 4.5979316 | S4: 4.7193334 | T4: 4.8185471 | U4: 4.7610533 | V4: 4.7768594 | W4: 4.7770573 | X4: 4.749016 | Y4: 4.7246326 | Z4: 4.5782952 | AA4: 4.7403144 | AB4: 4.7404492 | AC4: 4.7184915 | AD4: 4.8164542 | AE4: 4.7067474
A5: 2019 | B5: 4.7093996 | C5: 4.5842306 | D5: 4.7624902 | E5: 4.7399358 | F5: 4.4980546 | G5: 4.4604853 | H5: 4.5926031 | I5: 4.5792029 | J5: 4.5949528 | K5: 4.5743207 | L5: 4.7232423 | M5: 4.5613452 | N5: 4.6800969 | O5: 4.5764817 | P5: 4.6379189 | Q5: 4.691786 | R5: 4.6174843 | S5: 4.7450253 | T5: 4.8471033 | U5: 4.7946669 | V5: 4.7906605 | W5: 4.7940297 | X5: 4.7462095 | Y5: 4.7269281 | Z5: 4.6119126 | AA5: 4.7268972 | AB5: 4.709918 | AC5: 4.7141489 | AD5: 4.8200374 | AE5: 4.6913042
A6: 2018 | B6: 4.741146 | C6: 4.5891873 | D6: 4.8431751 | E6: 4.7308899 | F6: 4.5487202 | G6: 4.4783222 | H6: 4.588025 | I6: 4.6112964 | J6: 4.6059191 | K6: 4.5902308 | L6: 4.731565 | M6: 4.5735822 | N6: 4.6788197 | O6: 4.5724127 | P6: 4.6412157 | Q6: 4.6671475 | R6: 4.6320503 | S6: 4.7488769 | T6: 4.8686529 | U6: 4.8263411 | V6: 4.7987582 | W6: 4.8031883 | X6: 4.7542211 | Y6: 4.7212455 | Z6: 4.6621423 | AA6: 4.73688 | AB6: 4.6745449 | AC6: 4.6995529 | AD6: 4.8241061 | AE6: 4.7056626
A7: 2017 | B7: 4.7506349 | C7: 4.5801204 | D7: 4.9116914 | E7: 4.7208296 | F7: 4.5970782 | G7: 4.5008165 | H7: 4.5902254 | I7: 4.6352003 | J7: 4.6047133 | K7: 4.6261884 | L7: 4.7345472 | M7: 4.5765458 | N7: 4.6770109 | O7: 4.5871882 | P7: 4.6368274 | Q7: 4.63582 | R7: 4.6398626 | S7: 4.7174107 | T7: 4.8754382 | U7: 4.8563891 | V7: 4.8038887 | W7: 4.8042634 | X7: 4.7584812 | Y7: 4.7099033 | Z7: 4.6848714 | AA7: 4.7172426 | AB7: 4.641491 | AC7: 4.6903752 | AD7: 4.8218356 | AE7: 4.7191269
A8: 2016 | B8: 4.7427185 | C8: 4.5327783 | D8: 4.9526047 | E8: 4.6978946 | F8: 4.6333332 | G8: 4.5278503 | H8: 4.5466994 | I8: 4.6359647 | J8: 4.6305702 | K8: 4.6800651 | L8: 4.7145714 | M8: 4.589368 | N8: 4.6669061 | O8: 4.5891316 | P8: 4.612055 | Q8: 4.5842864 | R8: 4.6419227 | S8: 4.6902329 | T8: 4.86801 | U8: 4.8829288 | V8: 4.8047479 | W8: 4.7858979 | X8: 4.7598293 | Y8: 4.6799322 | Z8: 4.7012314 | AA8: 4.7013844 | AB8: 4.6023932 | AC8: 4.6756312 | AD8: 4.8085709 | AE8: 4.7245753
A9: 2015 | B9: 4.7500258 | C9: 4.4818296 | D9: 4.9680261 | E9: 4.7006739 | F9: 4.6611211 | G9: 4.5646628 | H9: 4.501835 | I9: 4.6540384 | J9: 4.680677 | K9: 4.7256985 | L9: 4.6986467 | M9: 4.6173661 | N9: 4.6718101 | O9: 4.5972204 | P9: 4.5966592 | Q9: 4.5367228 | R9: 4.6312116 | S9: 4.679752 | T9: 4.8768631 | U9: 4.8952417 | V9: 4.7982443 | W9: 4.7561691 | X9: 4.785096 | Y9: 4.6665723 | Z9: 4.7274277 | AA9: 4.6776996 | AB9: 4.5792069 | AC9: 4.6642931 | AD9: 4.8059185 | AE9: 4.73923
A10: 2014 | B10: 4.7531701 | C10: 4.4341578 | D10: 4.9702415 | E10: 4.6932239 | F10: 4.6750696 | G10: 4.58318 | H10: 4.4656555 | I10: 4.665791 | J10: 4.6975004 | K10: 4.7488308 | L10: 4.6781662 | M10: 4.6328446 | N10: 4.6712245 | O10: 4.6054956 | P10: 4.5850794 | Q10: 4.4850912 | R10: 4.6018432 | S10: 4.6662168 | T10: 4.7777203 | U10: 4.8886792 | V10: 4.7832904 | W10: 4.7027754 | X10: 4.7887976 | Y10: 4.66091 | Z10: 4.7313397 | AA10: 4.6528097 | AB10: 4.5684652 | AC10: 4.6428576 | AD10: 4.7893894 | AE10: 4.7445173
A11: 2013 | B11: 4.7651332 | C11: 4.3591043 | D11: 4.9670673 | E11: 4.6620087 | F11: 4.6883024 | G11: 4.577259 | H11: 4.384522 | I11: 4.6372992 | J11: 4.6633119 | K11: 4.7762057 | L11: 4.6482136 | M11: 4.6126174 | N11: 4.6606397 | O11: 4.6108618 | P11: 4.5737499 | Q11: 4.4283513 | R11: 4.5434231 | S11: 4.6499436 | T11: 4.8005452 | U11: 4.8766492 | V11: 4.7772945 | W11: 4.6176596 | X11: 4.7792121 | Y11: 4.6481948 | Z11: 4.7216755 | AA11: 4.5988148 | AB11: 4.5613225 | AC11: 4.6196992 | AD11: 4.7482682 | AE11: 4.7166847
A12: 2012 | B12: 4.7883479 | C12: 4.3632869 | D12: 4.9685476 | E12: 4.6385717 | F12: 4.7002293 | G12: 4.5830677 | H12: 4.3573624 | I12: 4.6199637 | J12: 4.660614 | K12: 4.7968569 | L12: 4.6523267 | M12: 4.62125 | N12: 4.6718758 | O12: 4.6329525 | P12: 4.5804343 | Q12: 4.3901832 | R12: 4.517206 | S12: 4.7027233 | T12: 4.8185471 | U12: 4.8757891 | V12: 4.7916559 | W12: 4.5664461 | X12: 4.8133009 | Y12: 4.6499436 | Z12: 4.7370978 | AA12: 4.6041018 | AB12: 4.5535267 | AC12: 4.623119 | AD12: 4.7402186 | AE12: 4.7063506
A13: 2011 | B13: 4.830557 | C13: 4.3967551 | D13: 4.9715291 | E13: 4.6489217 | F13: 4.7153246 | G13: 4.5960818 | H13: 4.385442 | I13: 4.6246373 | J13: 4.6765946 | K13: 4.8267945 | L13: 4.6854923 | M13: 4.6458549 | N13: 4.7038191 | O13: 4.663717 | P13: 4.61254 | Q13: 4.3854941 | R13: 4.51998 | S13: 4.7414126 | T13: 4.8471033 | U13: 4.878288 | V13: 4.862344 | W13: 4.5552666 | X13: 4.8272623 | Y13: 4.6759337 | Z13: 4.769721 | AA13: 4.6233198 | AB13: 4.5653733 | AC13: 4.6524562 | AD13: 4.7535285 | AE13: 4.7168096
... A18: 2006 | B18: 4.9353848 | C18: 4.6822317 | D18: 4.9816367 | E18: 4.6416346 | F18: 4.7011902 | G18: 4.5645841 | H18: 4.4753524 | I18: 4.4628977 | J18: 4.7200993 | K18: 4.9111422 | L18: 4.8252953 | M18: 4.62125 | N18: 4.7520454 | O18: 4.7546618 | P18: 4.7780088 | Q18: 4.3651256 | R18: 4.5683118 | S18: 4.8099187 | T18: 4.8222815 | U18: 4.8910153 | V18: 4.9685009 | W18: 4.5846019 | X18: 4.8076489 | Y18: 4.6933723 | Z18: 4.8092659 | AA18: 4.6932005 | AB18: 4.4885769 | AC18: 4.8299599 | AD18: 4.7039437 | AE18: 4.7835191

Sheet cons
A1: 연도 | B1: 월 | C1: WBA | D1: LEG | E1: BEN | F1: SWK | G1: XOM | H1: CVX | I1: BKH | J1: NFG | K1: CAT | L1: TGT | M1: ITW | N1: EMR | O1: APD | P1: PG | Q1: JNJ | R1: ATO | S1: GPC | T1: GD | U1: AOS | V1: HRL | W1: LOW | X1: PPG | Y1: PH | Z1: ABM | AA1: ADM | AB1: ABT | AC1: CWT | AD1: ADP | AE1: TNC | AF1: DOV
A2: 2022 | B2: 1 | C2: =IFERROR(VLOOKUP(C$1&$A2&$B2,배당편집!$D$2:$N$2710,11,FALSE), 0) -> 0 | D2: =IFERROR(VLOOKUP(D$1&$A2&$B2,배당편집!$D$2:$N$2710,11,FALSE), 0) -> 0 | E2: =IFERROR(VLOOKUP(E$1&$A2&$B2,배당편집!$D$2:$N$2710,11,FALSE), 0) -> 0 | F2: =IFERROR(VLOOKUP(F$1&$A2&$B2,배당편집!$D$2:$N$2710,11,FALSE), 0) -> 0 | G2: =IFERROR(VLOOKUP(G$1&$A2&$B2,배당편집!$D$2:$N$2710,11,FALSE), 0) -> 0 | H2: =IFERROR(VLOOKUP(H$1&$A2&$B2,배당편집!$D$2:$N$2710,11,FALSE), 0) -> 0 | I2: =IFERROR(VLOOKUP(I$1&$A2&$B2,배당편집!$D$2:$N$2710,11,FALSE), 0) -> 0 | J2: =IFERROR(VLOOKUP(J$1&$A2&$B2,배당편집!$D$2:$N$2710,11,FALSE), 0) -> 0 | ... AF2: =IFERROR(VLOOKUP(AF$1&$A2&$B2,배당편집!$D$2:$N$2710,11,FALSE), 0) -> 0
A3: 2022 | B3: 2 | C3: =IFERROR(VLOOKUP(C$1&$A3&$B3,배당편집!$D$2:$N$2710,11,FALSE), 0) -> 0.4775 | D3: =IFERROR(VLOOKUP(D$1&$A3&$B3,배당편집!$D$2:$N$2710,11,FALSE), 0) -> 0 | E3: =IFERROR(VLOOKUP(E$1&$A3&$B3,배당편집!$D$2:$N$2710,11,FALSE), 0) -> 0 | F3: =IFERROR(VLOOKUP(F$1&$A3&$B3,배당편집!$D$2:$N$2710,11,FALSE), 0) -> 0 | G3: =IFERROR(VLOOKUP(G$1&$A3&$B3,배당편집!$D$2:$N$2710,11,FALSE), 0) -> 0.88 | H3: =IFERROR(VLOOKUP(H$1&$A3&$B3,배당편집!$D$2:$N$2710,11,FALSE), 0) -> 1.42 | I3: =IFERROR(VLOOKUP(I$1&$A3&$B3,배당편집!$D$2:$N$2710,11,FALSE), 0) -> 0.595 | J3: =IFERROR(VLOOKUP(J$1&$A3&$B3,배당편집!$D$2:$N$2710,11,FALSE), 0) -> 0 | ... AF3: =IFERROR(VLOOKUP(AF$1&$A3&$B3,배당편집!$D$2:$N$2710,11,FALSE), 0) -> 0.5
A4: 2022 | B4: 3 | C4: =IFERROR(VLOOKUP(C$1&$A4&$B4,배당편집!$D$2:$N$2710,11,FALSE), 0) -> 0 | D4: =IFERROR(VLOOKUP(D$1&$A4&$B4,배당편집!$D$2:$N$2710,11,FALSE), 0) -> 0.42 | E4: =IFERROR(VLOOKUP(E$1&$A4&$B4,배당편집!$D$2:$N$2710,11,FALSE), 0) -> 0.29 | F4: =IFERROR(VLOOKUP(F$1&$A4&$B4,배당편집!$D$2:$N$2710,11,FALSE), 0) -> 0.79 | G4: =IFERROR(VLOOKUP(G$1&$A4&$B4,배당편집!$D$2:$N$2710,11,FALSE), 0) -> 0 | H4: =IFERROR(VLOOKUP(H$1&$A4&$B4,배당편집!$D$2:$N$2710,11,FALSE), 0) -> 0 | I4: =IFERROR(VLOOKUP(I$1&$A4&$B4,배당편집!$D$2:$N$2710,11,FALSE), 0) -> 0 | J4: =IFERROR(VLOOKUP(J$1&$A4&$B4,배당편집!$D$2:$N$2710,11,FALSE), 0) -> 0.455 | ... AF4: =IFERROR(VLOOKUP(AF$1&$A4&$B4,배당편집!$D$2:$N$2710,11,FALSE), 0) -> 0
A5: 2022 | B5: 4 | C5: =IFERROR(VLOOKUP(C$1&$A5&$B5,배당편집!$D$2:$N$2710,11,FALSE), 0) -> 0 | D5: =IFERROR(VLOOKUP(D$1&$A5&$B5,배당편집!$D$2:$N$2710,11,FALSE), 0) -> 0 | E5: =IFERROR(VLOOKUP(E$1&$A5&$B5,배당편집!$D$2:$N$2710,11,FALSE), 0) -> 0 | F5: =IFERROR(VLOOKUP(F$1&$A5&$B5,배당편집!$D$2:$N$2710,11,FALSE), 0) -> 0 | G5: =IFERROR(VLOOKUP(G$1&$A5&$B5,배당편집!$D$2:$N$2710,11,FALSE), 0) -> 0 | H5: =IFERROR(VLOOKUP(H$1&$A5&$B5,배당편집!$D$2:$N$2710,11,FALSE), 0) -> 0 | I5: =IFERROR(VLOOKUP(I$1&$A5&$B5,배당편집!$D$2:$N$2710,11,FALSE), 0) -> 0 | J5: =IFERROR(VLOOKUP(J$1&$A5&$B5,배당편집!$D$2:$N$2710,11,FALSE), 0) -> 0 | ... AF5: =IFERROR(VLOOKUP(AF$1&$A5&$B5,배당편집!$D$2:$N$2710,11,FALSE), 0) -> 0
A6: 2022 | B6: 5 | C6: =IFERROR(VLOOKUP(C$1&$A6&$B6,배당편집!$D$2:$N$2710,11,FALSE), 0) -> 0.4775 | D6: =IFERROR(VLOOKUP(D$1&$A6&$B6,배당편집!$D$2:$N$2710,11,FALSE), 0) -> 0 | E6: =IFERROR(VLOOKUP(E$1&$A6&$B6,배당편집!$D$2:$N$2710,11,FALSE), 0) -> 0 | F6: =IFERROR(VLOOKUP(F$1&$A6&$B6,배당편집!$D$2:$N$2710,11,FALSE), 0) -> 0 | G6: =IFERROR(VLOOKUP(G$1&$A6&$B6,배당편집!$D$2:$N$2710,11,FALSE), 0) -> 0.88 | H6: =IFERROR(VLOOKUP(H$1&$A6&$B6,배당편집!$D$2:$N$2710,11,FALSE), 0) -> 1.42 | I6: =IFERROR(VLOOKUP(I$1&$A6&$B6,배당편집!$D$2:$N$2710,11,FALSE), 0) -> 0.595 | J6: =IFERROR(VLOOKUP(J$1&$A6&$B6,배당편집!$D$2:$N$2710,11,FALSE), 0) -> 0 | ... AF6: =IFERROR(VLOOKUP(AF$1&$A6&$B6,배당편집!$D$2:$N$2710,11,FALSE), 0) -> 0.5
A7: 2022 | B7: 6 | C7: =IFERROR(VLOOKUP(C$1&$A7&$B7,배당편집!$D$2:$N$2710,11,FALSE), 0) -> 0 | D7: =IFERROR(VLOOKUP(D$1&$A7&$B7,배당편집!$D$2:$N$2710,11,FALSE), 0) -> 0.44 | E7: =IFERROR(VLOOKUP(E$1&$A7&$B7,배당편집!$D$2:$N$2710,11,FALSE), 0) -> 0.29 | F7: =IFERROR(VLOOKUP(F$1&$A7&$B7,배당편집!$D$2:$N$2710,11,FALSE), 0) -> 0.79 | G7: =IFERROR(VLOOKUP(G$1&$A7&$B7,배당편집!$D$2:$N$2710,11,FALSE), 0) -> 0 | H7: =IFERROR(VLOOKUP(H$1&$A7&$B7,배당편집!$D$2:$N$2710,11,FALSE), 0) -> 0 | I7: =IFERROR(VLOOKUP(I$1&$A7&$B7,배당편집!$D$2:$N$2710,11,FALSE), 0) -> 0 | J7: =IFERROR(VLOOKUP(J$1&$A7&$B7,배당편집!$D$2:$N$2710,11,FALSE), 0) -> 0.475 | ... AF7: =IFERROR(VLOOKUP(AF$1&$A7&$B7,배당편집!$D$2:$N$2710,11,FALSE), 0) -> 0
A8: 2022 | B8: 7 | C8: =IFERROR(VLOOKUP(C$1&$A8&$B8,배당편집!$D$2:$N$2710,11,FALSE), 0) -> 0 | D8: =IFERROR(VLOOKUP(D$1&$A8&$B8,배당편집!$D$2:$N$2710,11,FALSE), 0) -> 0 | E8: =IFERROR(VLOOKUP(E$1&$A8&$B8,배당편집!$D$2:$N$2710,11,FALSE), 0) -> 0 | F8: =IFERROR(VLOOKUP(F$1&$A8&$B8,배당편집!$D$2:$N$2710,11,FALSE), 0) -> 0 | G8: =IFERROR(VLOOKUP(G$1&$A8&$B8,배당편집!$D$2:$N$2710,11,FALSE), 0) -> 0 | H8: =IFERROR(VLOOKUP(H$1&$A8&$B8,배당편집!$D$2:$N$2710,11,FALSE), 0) -> 0 | I8: =IFERROR(VLOOKUP(I$1&$A8&$B8,배당편집!$D$2:$N$2710,11,FALSE), 0) -> 0 | J8: =IFERROR(VLOOKUP(J$1&$A8&$B8,배당편집!$D$2:$N$2710,11,FALSE), 0) -> 0 | ... AF8: =IFERROR(VLOOKUP(AF$1&$A8&$B8,배당편집!$D$2:$N$2710,11,FALSE), 0) -> 0
A9: 2022 | B9: 8 | C9: =IFERROR(VLOOKUP(C$1&$A9&$B9,배당편집!$D$2:$N$2710,11,FALSE), 0) -> 0.48 | D9: =IFERROR(VLOOKUP(D$1&$A9&$B9,배당편집!$D$2:$N$2710,11,FALSE), 0) -> 0 | E9: =IFERROR(VLOOKUP(E$1&$A9&$B9,배당편집!$D$2:$N$2710,11,FALSE), 0) -> 0 | F9: =IFERROR(VLOOKUP(F$1&$A9&$B9,배당편집!$D$2:$N$2710,11,FALSE), 0) -> 0 | G9: =IFERROR(VLOOKUP(G$1&$A9&$B9,배당편집!$D$2:$N$2710,11,FALSE), 0) -> 0.88 | H9: =IFERROR(VLOOKUP(H$1&$A9&$B9,배당편집!$D$2:$N$2710,11,FALSE), 0) -> 1.42 | I9: =IFERROR(VLOOKUP(I$1&$A9&$B9,배당편집!$D$2:$N$2710,11,FALSE), 0) -> 0.595 | J9: =IFERROR(VLOOKUP(J$1&$A9&$B9,배당편집!$D$2:$N$2710,11,FALSE), 0) -> 0 | ... AF9: =IFERROR(VLOOKUP(AF$1&$A9&$B9,배당편집!$D$2:$N$2710,11,FALSE), 0) -> 0.505
A10: 2022 | B10: 9 | C10: =IFERROR(VLOOKUP(C$1&$A10&$B10,배당편집!$D$2:$N$2710,11,FALSE), 0) -> 0 | D10: =IFERROR(VLOOKUP(D$1&$A10&$B10,배당편집!$D$2:$N$2710,11,FALSE), 0) -> 0.44 | E10: =IFERROR(VLOOKUP(E$1&$A10&$B10,배당편집!$D$2:$N$2710,11,FALSE), 0) -> 0.29 | F10: =IFERROR(VLOOKUP(F$1&$A10&$B10,배당편집!$D$2:$N$2710,11,FALSE), 0) -> 0.8 | G10: =IFERROR(VLOOKUP(G$1&$A10&$B10,배당편집!$D$2:$N$2710,11,FALSE), 0) -> 0 | H10: =IFERROR(VLOOKUP(H$1&$A10&$B10,배당편집!$D$2:$N$2710,11,FALSE), 0) -> 0 | I10: =IFERROR(VLOOKUP(I$1&$A10&$B10,배당편집!$D$2:$N$2710,11,FALSE), 0) -> 0 | J10: =IFERROR(VLOOKUP(J$1&$A10&$B10,배당편집!$D$2:$N$2710,11,FALSE), 0) -> 0.475 | ... AF10: =IFERROR(VLOOKUP(AF$1&$A10&$B10,배당편집!$D$2:$N$2710,11,FALSE), 0) -> 0
A11: 2022 | B11: 10 | C11: =IFERROR(VLOOKUP(C$1&$A11&$B11,배당편집!$D$2:$N$2710,11,FALSE), 0) -> 0 | D11: =IFERROR(VLOOKUP(D$1&$A11&$B11,배당편집!$D$2:$N$2710,11,FALSE), 0) -> 0 | E11: =IFERROR(VLOOKUP(E$1&$A11&$B11,배당편집!$D$2:$N$2710,11,FALSE), 0) -> 0 | F11: =IFERROR(VLOOKUP(F$1&$A11&$B11,배당편집!$D$2:$N$2710,11,FALSE), 0) -> 0 | G11: =IFERROR(VLOOKUP(G$1&$A11&$B11,배당편집!$D$2:$N$2710,11,FALSE), 0) -> 0 | H11: =IFERROR(VLOOKUP(H$1&$A11&$B11,배당편집!$D$2:$N$2710,11,FALSE), 0) -> 0 | I11: =IFERROR(VLOOKUP(I$1&$A11&$B11,배당편집!$D$2:$N$2710,11,FALSE), 0) -> 0 | J11: =IFERROR(VLOOKUP(J$1&$A11&$B11,배당편집!$D$2:$N$2710,11,FALSE), 0) -> 0 | ... AF11: =IFERROR(VLOOKUP(AF$1&$A11&$B11,배당편집!$D$2:$N$2710,11,FALSE), 0) -> 0
A12: 2022 | B12: 11 | C12: =IFERROR(VLOOKUP(C$1&$A12&$B12,배당편집!$D$2:$N$2710,11,FALSE), 0) -> 0.48 | D12: =IFERROR(VLOOKUP(D$1&$A12&$B12,배당편집!$D$2:$N$2710,11,FALSE), 0) -> 0 | E12: =IFERROR(VLOOKUP(E$1&$A12&$B12,배당편집!$D$2:$N$2710,11,FALSE), 0) -> 0 | F12: =IFERROR(VLOOKUP(F$1&$A12&$B12,배당편집!$D$2:$N$2710,11,FALSE), 0) -> 0.8 | G12: =IFERROR(VLOOKUP(G$1&$A12&$B12,배당편집!$D$2:$N$2710,11,FALSE), 0) -> 0 | H12: =IFERROR(VLOOKUP(H$1&$A12&$B12,배당편집!$D$2:$N$2710,11,FALSE), 0) -> 1.42 | I12: =IFERROR(VLOOKUP(I$1&$A12&$B12,배당편집!$D$2:$N$2710,11,FALSE), 0) -> 0.625 | J12: =IFERROR(VLOOKUP(J$1&$A12&$B12,배당편집!$D$2:$N$2710,11,FALSE), 0) -> 0 | ... AF12: =IFERROR(VLOOKUP(AF$1&$A12&$B12,배당편집!$D$2:$N$2710,11,FALSE), 0) -> 0
A13: 2022 | B13: 12 | C13: =IFERROR(VLOOKUP(C$1&$A13&$B13,배당편집!$D$2:$N$2710,11,FALSE), 0) -> 0 | D13: =IFERROR(VLOOKUP(D$1&$A13&$B13,배당편집!$D$2:$N$2710,11,FALSE), 0) -> 0 | E13: =IFERROR(VLOOKUP(E$1&$A13&$B13,배당편집!$D$2:$N$2710,11,FALSE), 0) -> 0 | F13: =IFERROR(VLOOKUP(F$1&$A13&$B13,배당편집!$D$2:$N$2710,11,FALSE), 0) -> 0 | G13: =IFERROR(VLOOKUP(G$1&$A13&$B13,배당편집!$D$2:$N$2710,11,FALSE), 0) -> 0 | H13: =IFERROR(VLOOKUP(H$1&$A13&$B13,배당편집!$D$2:$N$2710,11,FALSE), 0) -> 0 | I13: =IFERROR(VLOOKUP(I$1&$A13&$B13,배당편집!$D$2:$N$2710,11,FALSE), 0) -> 0 | J13: =IFERROR(VLOOKUP(J$1&$A13&$B13,배당편집!$D$2:$N$2710,11,FALSE), 0) -> 0 | ... AF13: =IFERROR(VLOOKUP(AF$1&$A13&$B13,배당편집!$D$2:$N$2710,11,FALSE), 0) -> 0
... A205: 2006 | B205: 12 | C205: =IFERROR(VLOOKUP(C$1&$A205&$B205,배당편집!$D$2:$N$2710,11,FALSE), 0) -> 0 | D205: =IFERROR(VLOOKUP(D$1&$A205&$B205,배당편집!$D$2:$N$2710,11,FALSE), 0) -> 0.17 | E205: =IFERROR(VLOOKUP(E$1&$A205&$B205,배당편집!$D$2:$N$2710,11,FALSE), 0) -> 0.05 | F205: =IFERROR(VLOOKUP(F$1&$A205&$B205,배당편집!$D$2:$N$2710,11,FALSE), 0) -> 0.3 | G205: =IFERROR(VLOOKUP(G$1&$A205&$B205,배당편집!$D$2:$N$2710,11,FALSE), 0) -> 0 | H205: =IFERROR(VLOOKUP(H$1&$A205&$B205,배당편집!$D$2:$N$2710,11,FALSE), 0) -> 0 | I205: =IFERROR(VLOOKUP(I$1&$A205&$B205,배당편집!$D$2:$N$2710,11,FALSE), 0) -> 0 | J205: =IFERROR(VLOOKUP(J$1&$A205&$B205,배당편집!$D$2:$N$2710,11,FALSE), 0) -> 0.3 | ... AF205: =IFERROR(VLOOKUP(AF$1&$A205&$B205,배당편집!$D$2:$N$2710,11,FALSE), 0) -> 0
